-- MySQL dump 10.13  Distrib 5.7.15, for Linux (x86_64)
--
-- Host: 172.19.0.9    Database: project
-- ------------------------------------------------------
-- Server version	5.7.27-log

/*!40101 SET @OLD_CHARACTER_SET_CLIENT=@@CHARACTER_SET_CLIENT */;
/*!40101 SET @OLD_CHARACTER_SET_RESULTS=@@CHARACTER_SET_RESULTS */;
/*!40101 SET @OLD_COLLATION_CONNECTION=@@COLLATION_CONNECTION */;
/*!40101 SET NAMES utf8 */;
/*!40103 SET @OLD_TIME_ZONE=@@TIME_ZONE */;
/*!40103 SET TIME_ZONE='+00:00' */;
/*!40014 SET @OLD_UNIQUE_CHECKS=@@UNIQUE_CHECKS, UNIQUE_CHECKS=0 */;
/*!40014 SET @OLD_FOREIGN_KEY_CHECKS=@@FOREIGN_KEY_CHECKS, FOREIGN_KEY_CHECKS=0 */;
/*!40101 SET @OLD_SQL_MODE=@@SQL_MODE, SQL_MODE='NO_AUTO_VALUE_ON_ZERO' */;
/*!40111 SET @OLD_SQL_NOTES=@@SQL_NOTES, SQL_NOTES=0 */;

--
-- Table structure for table `apilist`
--

DROP TABLE IF EXISTS `apilist`;
/*!40101 SET @saved_cs_client     = @@character_set_client */;
/*!40101 SET character_set_client = utf8 */;
CREATE TABLE `apilist` (
  `id` bigint(20) NOT NULL AUTO_INCREMENT,
  `name` varchar(100) DEFAULT NULL,
  `pid` bigint(20) DEFAULT NULL,
  `url` varchar(200) DEFAULT NULL,
  `information` varchar(255) DEFAULT NULL,
  `opts` varchar(100) DEFAULT NULL,
  `methods` varchar(100) DEFAULT NULL,
  `resp` text,
  `result` text,
  `uid` bigint(20) DEFAULT NULL,
  `hid` bigint(20) DEFAULT NULL,
  `calltype` varchar(20) DEFAULT NULL,
  PRIMARY KEY (`id`)
) ENGINE=InnoDB AUTO_INCREMENT=6 DEFAULT CHARSET=utf8;
/*!40101 SET character_set_client = @saved_cs_client */;

--
-- Dumping data for table `apilist`
--

LOCK TABLES `apilist` WRITE;
/*!40000 ALTER TABLE `apilist` DISABLE KEYS */;
/*!40000 ALTER TABLE `apilist` ENABLE KEYS */;
UNLOCK TABLES;

--
-- Table structure for table `apiproject`
--

DROP TABLE IF EXISTS `apiproject`;
/*!40101 SET @saved_cs_client     = @@character_set_client */;
/*!40101 SET character_set_client = utf8 */;
CREATE TABLE `apiproject` (
  `id` bigint(20) NOT NULL AUTO_INCREMENT,
  `name` varchar(50) NOT NULL DEFAULT '',
  `ownerid` varchar(100) DEFAULT '0',
  `auth` tinyint(1) DEFAULT '0',
  `readuser` tinyint(1) DEFAULT '0',
  `edituser` tinyint(1) DEFAULT '0',
  `rid` tinyint(1) DEFAULT '0',
  `eid` tinyint(1) DEFAULT '0',
  PRIMARY KEY (`id`),
  UNIQUE KEY `name` (`name`)
) ENGINE=InnoDB AUTO_INCREMENT=5 DEFAULT CHARSET=utf8;
/*!40101 SET character_set_client = @saved_cs_client */;

--
-- Dumping data for table `apiproject`
--

LOCK TABLES `apiproject` WRITE;
/*!40000 ALTER TABLE `apiproject` DISABLE KEYS */;
INSERT INTO `apiproject` VALUES (2,'www','1',0,1,1,1,1),(3,'e w','1',0,1,1,1,1),(4,'测试','1',0,1,1,1,1);
/*!40000 ALTER TABLE `apiproject` ENABLE KEYS */;
UNLOCK TABLES;

--
-- Table structure for table `bugs`
--

DROP TABLE IF EXISTS `bugs`;
/*!40101 SET @saved_cs_client     = @@character_set_client */;
/*!40101 SET character_set_client = utf8 */;
CREATE TABLE `bugs` (
  `id` bigint(20) NOT NULL AUTO_INCREMENT,
  `uid` bigint(20) NOT NULL DEFAULT '0',
  `title` varchar(50) DEFAULT NULL,
  `sid` bigint(20) DEFAULT '0',
  `content` text,
  `ownerid` bigint(20) DEFAULT '0',
  `iid` bigint(20) DEFAULT '0',
  `createtime` bigint(20) DEFAULT '0',
  `vid` bigint(20) DEFAULT '0',
  `spusers` varchar(255) DEFAULT '',
  `lid` bigint(20) DEFAULT '0',
  `eid` bigint(20) DEFAULT '0',
  `pid` bigint(20) DEFAULT '0',
  `updatetime` bigint(20) DEFAULT '0',
  `dustbin` tinyint(1) DEFAULT '0',
  PRIMARY KEY (`id`)
) ENGINE=InnoDB AUTO_INCREMENT=27 DEFAULT CHARSET=utf8;
/*!40101 SET character_set_client = @saved_cs_client */;

--
-- Dumping data for table `bugs`
--

LOCK TABLES `bugs` WRITE;
/*!40000 ALTER TABLE `bugs` DISABLE KEYS */;
INSERT INTO `bugs` VALUES (1,1,'asdfasdf',7,'&lt;p&gt;asdfasfasdfsdf&lt;/p&gt;',0,1,1575557996,2,'1',2,1,1,1575599898,0),(2,1,'sdfsdf',7,'&lt;p&gt;sdfajsdjfsdfsaf&lt;/p&gt;',0,1,1575599437,2,'1',1,1,1,0,0),(3,1,'111',8,'&lt;p&gt;112&lt;img class=&#34;wscnph&#34; src=&#34;data:image/jpeg;base64,/9j/4AAQSkZJRgABAQAAAQABAAD/2wBDAAgGBgcGBQgHBwcJCQgKDBQNDAsLDBkSEw8UHRofHh0aHBwgJC4nICIsIxwcKDcpLDAxNDQ0Hyc5PTgyPC4zNDL/2wBDAQkJCQwLDBgNDRgyIRwhMjIyMjIyMjIyMjIyMjIyMjIyMjIyMjIyMjIyMjIyMjIyMjIyMjIyMjIyMjIyMjIyMjL/wAARCAE5AfQDASIAAhEBAxEB/8QAHwAAAQUBAQEBAQEAAAAAAAAAAAECAwQFBgcICQoL/8QAtRAAAgEDAwIEAwUFBAQAAAF9AQIDAAQRBRIhMUEGE1FhByJxFDKBkaEII0KxwRVS0fAkM2JyggkKFhcYGRolJicoKSo0NTY3ODk6Q0RFRkdISUpTVFVWV1hZWmNkZWZnaGlqc3R1dnd4eXqDhIWGh4iJipKTlJWWl5iZmqKjpKWmp6ipqrKztLW2t7i5usLDxMXGx8jJytLT1NXW19jZ2uHi4+Tl5ufo6erx8vP09fb3+Pn6/8QAHwEAAwEBAQEBAQEBAQAAAAAAAAECAwQFBgcICQoL/8QAtREAAgECBAQDBAcFBAQAAQJ3AAECAxEEBSExBhJBUQdhcRMiMoEIFEKRobHBCSMzUvAVYnLRChYkNOEl8RcYGRomJygpKjU2Nzg5OkNERUZHSElKU1RVVldYWVpjZGVmZ2hpanN0dXZ3eHl6goOEhYaHiImKkpOUlZaXmJmaoqOkpaanqKmqsrO0tba3uLm6wsPExcbHyMnK0tPU1dbX2Nna4uPk5ebn6Onq8vP09fb3+Pn6/9oADAMBAAIRAxEAPwDqetOTNNqRagRKop+Kaop9IYxqRSRTmptAFmFuavxGs+EVoQipYydowRxWfdW+5TxWsi5FNkg3dqlOwNHAatp24NxXnmu6McswWvbLyyDg8VyWraSGVvlrtoVrHPVpcyPD5oWicgiowOa67XdGMTF1XiuWePaxBHNerBqSujk5mnZkeKSnHrTTW/QpDTTDTyajPWs5MtCGkoNFcz3KFFTxdagqeHrTRMtjXsx0robROlYVivSuks04FY1GOmjRhXgVZAqOJeBVhRXM2dSQ0LTsU4LQRUlEZFNNSEUwigZC3SoyKnK5phSmKxBt5pQlS7KcEouFiIJT1TmpNgp6rzRcdiSFOa0oY8iqcIANX4mAqGOwksPy9Ky7mAc8VtOQRVC4A5oiyZI56e3Gc4piJir04GTVJmxnFbpmVhJWCis+Z+TU8r5zVOQ81aJYzec1IslVzSg1RJa83ilElVg2KUMaQF+N6sqazEkq0knFJoaLobip0fpVFZM1KknvU2GX1bFOVuaqrJxUqNUjLqPgYqTfgdarRninmpGSF8kU7jFQipEOeKAI5E71Wcdauv0qrKuDxTTE0U5E64qsYhjmrh6VG4q0yGjPaL5ulFWGQZoqrmfKelAe1SIDUixcVIsVefc7RFWpAuBT1ixT9lK4FcrSBeelWPLpNnNFxjokq/CtVYhV6IVDGiyi8VJtyKalTLUgVZoAw6Vj31kGUjFdGVyKqTwhlPFVGVgaueY63pQZWG2vLdZsGtp24OK+gdSsQ6NxXm3iXRt6OQvIr1MJW1szhxFP7SPLWHNMNWrq3aGVlIxzVU16j2Mou4xqbTjTTWM2aobRRRWDGLViAc1XFWrcZIqkRPY3bBeRXTWacCue09ckV1FonyiuaozWki7GtTqtMjWrCrXOzpQ3bQVqXbQRSKsQFaYUqwVpClFwKuyk2VZKU0rQBBspdlS7aKAIwtOAxS0hoAerYqUTY71VJxTGenYC41zgdaqTXR9arySnFU5ZTVKJDY+aYuetVmJo3Zo61ZJXkNVHq5JVN+tWiGRng0lKTzRTJEoBoNJimIkBqVHPrVccVIhpAWlfmrEbe9VFqdDSGi4pxU8Z5qsjZFTRnFQyi/GeKkxUEbYFShwagoM4NSoRiq7nnIpUcU7CJ254qGQU/cDTH96QFZhyagkOKstwarSjIqkSyAvzRSEEHFFWZnr4ix2p4jqUCnBa8252EQSnbeKkwKNuaAItopCmKsbOKay0rjI0FWojVcLU0Y5oYF5GqZTVaOp1NSxkwprrmlWn9aQGZdQbgeK5LWtODo3y13UseRWPfWu9TxWtOdmTJXPCfEejFWZ1WuKljMbEGvc9d0oOrfLXlWu6WYJWIXivboVueNmebOHs5X6HNGkp7DBIplayNEIaSlNJWDKFFXLUfMKpDrWhZjLCmiJnR6aucV1Fovyiud0xOldRarwK5ar1OiktC3GtTqtNQVKBXO2dCExSEU/FJikAwijbmnYpcUDIytNIqU00imBCRTSKlIphFAERpDTyKYRTAjY1C7VK1QSVSJZXlPaqrg5PtzVpx5gJA5Ucj1FRiPOGHKj9KpEECLuBPoKStGzsyb6S1YYLplf0IIrNziR4zwyEqw9DTTAjl9qpScGrrnchPpWbPIA2M1cSJCM2KA1QrJu70uasi6Jc5p/aolNPzQA4dKeKjzxShvekBYRj0qYNVRWqUPSYy3HL2qwknPFZok5qdJKTQXNVJOKcJeapq+VzS7jnrU2Hcu78ijNQK2RUwwRSAlV+OtDOSMVF0IpSaQCnk1DKvGKmX1prjNMTKbfeopzKd3FFUQeygUu2ngUuOK807BoFAoNNHWkBJjIpCtOFBoGMC81IopMU9DQBMgqdRUKVYWkwHrTxSAU4VICMM1VniDA8VcpjrkU0wOV1OzDqeK878Q6SJEcba9duoAyniuT1jTw6txXXQq8rMqkFJWPnzUbVreZgR3qga9I17QhIWYLzXGTaU8bkYr141FJHElKOjMg0lX2sWHaoWtyvapdmXcrqMmtOyQlhVVICCD61r2MHIqXoiX7zOh0uPgV0tuvArG06LCit6BflFcdR6nZTVkWUFSAU1RxUmKxNRhoxTsUhFACYpKXFGKAGkUhpxpCKAIzTSKkxSGmBCVqNhU7VC1MRA9V5KsMaryVSENgwJgcgc/xfdPsT2rUfS5IJFliVgj8bTwc/3f8AeHb1/niF3jcMhwf0rpdC1+2iU2GpQD7NKNpB6L/u+n0/KiV90S0EdqjGC4VBmE/MF4yh64+nUenIrmfGtnJpepHUogTBcKGfA43Zwf15/wCBCvQ5rM2BEgJuLaQ4inXnOezejfz+tVbnSotb0e4spMnHzRsB0Pp/L8qxVXkkn0L5OdWPIV1mISd+R0PpT7qW0lw0YIJ5+mRTte8NyaafMVS0JAZXHQA8Y/Aj9azWyqRNtw3T8jXVdSV4smKcLqaLYtzvUR/xDP1pMEHkdKsQvtePnGOR7elPvYwrLNH9xxz9acZ62YqlJL3olZetSfw0i4IyDUsyFY1PY1ZjYgLcdaaH5601jim7qZJaR/epM1UVsGrCNmkNMfnJqVHxUQFOGQaANCJ8gVP94VQjfGPSrkbbqloEyZScc1IrcUwDinbcDipGT9RTgOKiQmrKrkVIyLtSMcipSvNRsO1AEJUZ7UU4j1oqiLI9hU0/PFVVk4pfM9686x1j3amhuaiZuaA3NAFpW4p+7iqytT91ICQtSo1QlqA1AGhGasoaoRSZq2jUmMsin1Epp4NSA6gikzS5oAglTIrJvbUMp4rbYZqrLHkVSdgOA1XSw2flrj77SBuJ216zeWgYHiubvtOBz8tdUKrQKCueZT6UAD8tZFzp+09K9Cu7LZnisC9tRnpW8arNXRi0cpHa7WwRkelalra7SCBlfWpvsw3dKvWkZRsgcdwehrR1LnNKkky/ZR4UVsRLxVO2iBG5B06r3H/1q0EHFc8mVEkUU/FCinVBQzFIRTyKQigBmKUCnYp6ICeaLgQYoIqXFNIoAhxTSKmIqNgfSmBC3SoHNTOOOKqu4U4NO4WGOaqyyBWwRmrQTzPu81ftdPjcb3APY1EqqRpGk3qzA81V+ZlOPQjrTHu4WXar7eeN3auvGlW8ilCmccjiuT8RaI0Uxmg4UkfKB1pwqJuzFOHYt6X40n0iYWd1H5lpJ+7dcZGewI/l+npXb6NPDdRyXFtJlWKuMehHf8s5rzuTQ1uNHeVmG9CqN9QSM/yrofDLzRvChOPNgWM+hIbBz+GKitytaF046XOnvtPtb2yuo54Q9qxyTjmPOD/MVxGo+B0S4Bt5N4DeYgP8voa9B0+YzRnJ2tgq3PGc/wD16y7R43vJSAFgjLM6H+A5JP0z7d6whOUXoy7XWp5NrVjPp14YWiZY1wqtjhuBVaK4DwbXOAcYz2r1K+gt74SwTRrKOMLjqegI/KuD13w+bZ99uSyH5iPxrqhVUtJCcHujFSUKSo6A1pSsktgrDqhx9a553ZCvOCG5Fb0UJ/sssc5LV1XtY43G9/IoPnNRkVYKARsW4OcCoiOK1OdjQamjbFQ9OKctAi4rZ71IDVVDUwalYdyygyatQ8NVSJskVbVhUsC6uCKk29BVWKTkAmrYYVDKRIq9Kmj4qKNgTg08nDcVJRKwDDiq78N7VKrZzVeZqEJiHBNFRhhjnNFUTc9SVjTtxpoWnba4DpGl6cGphXmjpQBMGxTw/FVwacGpWAlLUBqjzSikMtRNyKvRvxWahq3E3FJjL6tUgaqqtUgapAnDU4GoQ1PBpASZBprDNANKaBlOaMEVkXdvuBAUn6VuuvFZt3FkHiqixo43U7dkVtyMv1GK5K9+8a7rUPMiyY3dT/ssRXJ31xOGJby5f+usSsfzIz+tdMDZSdjBCZNXIExinrLayH95Z7D6wSFf0bd+mKuQ20DkeVcgH+7Muw/mMj8yK3OepLUmtlK4I4I71eQb+gw3oO/0/wAP/wBVRC2lgUGSMqp6N1U/Qjg/hUiis2JEq0tAO773X+9/j/n86dgjrUjG4op2KQikAmKfGPmpuCaFyrjimAhGCaaTSzJJ5hwPekjQscMMVLkkUotibCxoIMY+YZFXre3ViPWm3EHUHoKh1EWoPqZDEB9xHymqVzbmeUbCcZ7VdlK7iOflPQ1Is8cKlmTC/wB70qeZm6ikVYIDCF3ZA9a2Yrc70GeOM+9Uv9cHQ/KH+6390/4U+11PbbR28g/eIhVzjuPf8Knle4OXQ1hlF+X9RTrizW6VUYY2ruOR1qzpaLcuB1GwMCfxrTa2YSg8CIjBPfHb+tRezM2ce9qYtPmBTbFLycjtVfQ8LMrNjagH55zXZywK6tGY+CvGRwKxLmzWEGQqcDrt4zV891YcSewnVZplVuHLHp6jrUFvB9kt72dypV2dnJ/ug9PriqC3Mi3eBiGLZuKBCWI4q3LfBtKuD8oYvs2j6jP+H51NhlUlDbF0VlyDLg9VLdKwNTH2a2/eMWZu2egJ5z/nrXQANJuJJCtJn6gCsfVCdyiQbQ/zYI6eg/8ArVcSr2Zw+p6Th/MgGUHJH61eju4V02KMjdJ14FaV79ni0ue2Zm81sHrls9a5zToma4AJJI9PSuuE7x16GMqfvXRLKmWZm+6Ogqk3U1dv3BmKJwo6+5qiT7V1Q2OCpbmdg708VH3p4NUZkq+tSZ4qENSl+KBlmJ8VZWUcVmq9SrJ70mhGnHJlutXUfI61kRPyPWrYlOMg1LQ0zSjkwanyCKy0n55q2kmR1qGikyxnAqCZsmld8VCX3GkgY0k5opSaKomx64uMU7FRI1TCvOOoYy0zFTEZo20AQ4pcVJs5o20XAZ2oHWnEUgHNIZIlWI2qsOtTpSYy0hqUGoE6VMtSBKpqRajWnikMlBp1MFOFAhGFU7hMqauGoJFyKEM5fU4cqeK4/UIOTxXoF9FuBrlb+2GSa6KbHc5ExFH5GAelXIEyasSK8ZIVsr/dPI/Kn2/kufmQxt/s8j8q6b6GbepYgkkgyY3ZCeDg8H6+tWVeGT/WxbG/vwjH5r0/LFIlm7jMRWUf7B5/LrSFCpwykEdjxWbDQm+zNsLoRJGOrL/D9R1H16e9Nxgeo9KdCWRgysVYdGBwRVweVOP3q7H/AOeka9fqvQ/UY/GouVqihS7cc1YmtHiAbhkPAkXlT7f/AFj+VNRMden8v8/59aLjItuOR0qWMDIyKlChfcHqKPKXjDdelS5IpJsuzRwBEduhFVpkhaMtGRkVbWzkmsguc4rn9ShmsPmRyR3FZOz6mtO6NC3PlfvWPANJeJJJIEUkK4yrDpWcl+WWFWAYP1FaNvMArICSU+7n09KLWHIrHSQ+ZeuOo6Ee9P2Qi2aKYAocgkjkcdxTpLtlQiPHludrEdqo3s8ZbYxLMVAGDgnof6mqSuS2yvp0CxzJaljLCkmwE9QCePxwCPwrJ1u1udMmMw3DcCuMZBA75/z0rtfDFj9p1PzPlZVdjgfTAP05rV8R+Gf7Q0+SIAtkHAxyM5zj86HU5ZagrbGP4YuBNax7Xy2z5DjGQRyP0/Wuqnk/0XC/eJBHtXCaLv8ADyraX8irkhYmPGCOn4cV27utzaGeFuMZAPUEdv6fWs5rUqSsPLxqX+mR7VUuLPzo9zdu2ap6lcm2ikkMmEJHPtgDH60ljrC3kS4YfNyF9eB/n8Paps9xFK7sZXl3A7YwDkt36fkKxLtXgt9rJKUB6FBg85z/ADrr7k+ZGxGVbPJHJH0rCvraRmO/cFXILsfm4H+elaRY+Yx7bViVjEw2q7dB/CO/41katMbmWS4yx7qA2OvQfgKkvy7ymOLau30TfgfXoT7VmzH7NGDOJXYgfIXx17n/AAreMOpLmjOi+1zxs7qChc7WYY59B3pUikhjfy1G8g/N/wDWqeS7NzMAGZI4wNqfdGaRJ0COSQme45z7VrswvdHPvI4chzzRuyKq3dx+9xnnPOaFm4rutoeU3rYs55pd1RK4NSDmkK5IDxQWpgpKAbJFOTUq9agTrVmIZNAInQ4IqdHINRBcYNKvWpGWA2WBq5C2BVNV496ljYgYqWhplwtu70KvOaijPzYNWQMcVIxvWindKKQaHp6Ng1ZVsiqKmrEbcYrgZ1FtTTgOahU1OpzUjDbSEVIKa1ICFqZT2qM9aYDlNWYxVdKtxDNJjJ4xxU6rTY1qUD0qAACnigD1pwFIAFLmiigAJpjDI606mMB60wKVxGxztz/wE/4ViXkTg4LOp9yRXQyruFUJomAIBYD2NXFgzkbqGU53O7D0ZiR+RrO8so2SkZ9Pl2gfguK6u4tgScqhHptx/LB/Ws6WwLE4jbPqp4H4EZ/WumMyGjOiC8Y3DH0Of5Y/Wr8c0+AhImXsrDf+QPNRCylQ/dbH+0hBP5ZH61MImCHcnyjqR8wH1I4pMasSILaTkxtEfWM7h+R5/WrEdmW5iZZV/wBnr+R5qvywzw31/wAeuKnt4iXBVuR2J/r/AJ+tZtlpMlEMkYJTjPDKRkEehB61F9kWY/uRsk/5554P+6fX2P4HtWq0uxP36bsjq3X8DVEtHJKRbuGb/nm/Dfh2NQpNl2tqZ8iND94YHfIxj/D6dvp0ltYVkOCeD6VJeXcM6eVO3lyjgSNkYPo3f8eo965+S4ubO5MZ+R1+8nt1yPbHPHGORx0ppyQ4vWzO0ghMCFc5BHWuR1O4WTVvs7nhgeK1rfVZWgAcjPY5rm9WUyXq3KZ3A8juDUU43Zre25nXMb28q8kICRkdq1LC7lzFvO/euC3r9ayNUupURX7FgelalkEeIzR5EsDK20d1yK2a90nqTzyGNijHB6jnBIP8z096zbsSQaT50LYkkh3DnpwcD9M59hWzqFtbtGs0DISYwUBI45H+NYc0yzQJYojJI8Kkljjoozg/QH8QPSiCvsZSZ6V4EiR9DjvtoBlLbeMYX5Rj/wAdFV9Z8RvdXzaVpKPNMuDKyLkKPU8gfTkZ/DBp2mrf2b8L47hMBgvlrjjktg/j1/GtPwrpR0rSYvOAa5uP3s7dyx5x9AOPwrnm1BuTV9bIe6OU8Q+Er7U7Tf8A2dFJKgO2Rr11dc+gVAn5g1zHhXxTe6TezaHre9JCcI7ntjkfXA/P9feMooOSAPevHfjFoFskUGq26hWZtjlT37H2qqNeVR8lTZ/gRdR1R0evFr3S5JI/vmJmAx1LBcfz/SqfhSzl8wyNysTtENwxuOSc/Til8HzPrvhlJ95klaEISTySAMn8/wCVauoajY+G1RJZVRMvI+TyQAT/AE/zmnt7nU1b7C3iPATNJIS45VOgHXA/z2BrFmk+1NLEZNoBJ2sByM/jj15557VyerfEIajMLewDDJMk0zZwg9PpwD9emT1fb31zdW6SRp5a4zGHTAA6hm6+2B/k6+ylFXkZqcZOyZJrV39nh8tZAs2PkyuFUfoP6eua4rUZLgcqS+w5ZgQefcj1+tTajdXUF04mjaR3OFDHknpkjPX61XmmuA6x+bJv28LHIQR65Jzx9MV1QjZGMn0RnrqEzkknjpjFXYGuJI2c5CYxuPOKqrauJDJI0Ryfu7sn9asXc8duqqGO4LyMY2mtrJ6Iz52leRn3cLGf5i27qSwxVd3x7VNLMZIAGBPOdx6mqjtkYra1kc17stwzepq5GwNYyOVNXoJckUh7F/FNahWyKRjSBjkPNXIDmqSdauRDHNJgiyfu0RnJqNjxSwnH50hs0AuVBFKB0pYSGjxUyrgCoKsOiX5fcVOO1RqdtIHwakZbC5GaKakg28mipGehK1WEqpHzVyMVxs6CwlTKaiQcVKBUMZKKGHFKBS1IyuwqM9asOtQMOaYCp1q7DVNatwmkwLsY45qcDioIzU4NQMcKKM0maQC0ZpM0maBhTDSk0hoAjaoJV7gCrDCo2Ax1FUgM+QyDOGI+nFUpnm5/ev8A99EVqSquOo/I1n3C5BCgmrTFYw7q+eI4+0XCH2kJH86dYX9zNIMT+ZjoWAJ/WqOoRF5Sp6+gOT+QpbNDaMC/yqTwW4/nWr+EpROqMaMuZYIyf7wG1v0/rTYobff8khQ+kgyPzH+FQLekxgcMPQ0AhxlW2n0bp+dczbNEie9SWKAkD5D34ZT/AErm5oRJLn5oWHQjLIf6j9fwrXa6ubVsguhPp0P9DU9vNa3P+thVH/vR8A/Uf4VcHYJXSKGFniSLUULgjCTA5P4N/EPrVn/hH4prVY2k3xrzDKv3oz1/L2/Ee+kLKOMAqA0bnnjKt9R6/rVgWgSPNsxX/YJyPwolO2xCjfc5KTR7nTpSJMGIjPy9Meo9vbt9OBQYxx3JjlwVPAP8v8/4Guxll3RGG4yEz97uh9a43V7YxTsgGGX5vl6Y7Mvt/npwLpvmZo3pZnP60dwMSfMOn61r20MtvY20uz98u6GVB/EvfP4D/wAepdI0gXt3LLKpES8qVP3T/Udvyrq5bBbVmCpvzGcEEc8Yx+n5H2q5yS90k4HUJgzogjl2qFZwhztwSWH0PH61Hc262tqrl2cvscKSCVbLdM8gcsCD7fSuhnsU+2yrhtpKpKw4YH5AQT74b8/eohDDODK6cFnVlC5XZllBGfYj8PxrSLSsYyuxsV4snwwMwXKW9+jMhGMDKkge3Nem313FY22/IwqZHpgCuD0PQ3vfDOr6XcAb5dkgCn+LYF3Z/wCAqT759cVseFtSXV9Lj0+9ZY9Wsh5U0Tn5jt43D1zx+dcWIV9V0f52Ls+VHlOp+OfFHibXkGjx3X2eORTHbwoT5m05BfHY9xnGK63xHpGowfDbUtS1qO2ivp5I3NvAgCxfNjHu3zEnnvxXpUcEcDDykCkdVGMGuR+Jc0mqaZaeG9PXzr+/mU+UvVY15LH0Gccn0NbRxKm4whGyOVUWrtu7F+Fto8XgOzcKQz72G7uCxI/DrXD+M/D+p634p8kSSeQRjIUkDnp+Qznp2+vs+h6VHoHh+1sAQfIjCk54zjmuR1fWLd9SVVR2K/KAvyj8zx+tTGo1Uc0dqgpR5ehymkfC+0s7d2vZXlJcPszjp646859qm1KbTvD1t5MKtvOWX5vmck+vWtzU74WloZJZVjZyNoHU+wH+NcN/Zs17dtqep4jhP+phdmy59QOuPritFKU3ebKUIwWiKa2Qhikv72RWuZM+UuclTjge5HHTp7dsMX0chZLdSZFU5n/ib3H6/hWhrE1tOggIZNoCyFeg/wBlef55NZltBLaxvcLti2MQOOcEY5/P8ea64LTU5ptuWhHbm4E0u0JEFBOWXcxPoM85zUE1mc+bJu5AZjIeWJ7AdTV+Ke5e5iYy/dUksRkjqRgdsdc/Wq95bvJI8jTMxbGT3Pfr/wDXrWLdzGSVjKLgws+3BzVPkk1vvFFbQEhkdWGSGGSD6ZrEdHDY2lc8itk7nO9CLtUsT4NMMbr94UnQ0A9TVikytOZuapQScVZJyM07E3LEJywrRjXC1kwNhq1oTlKmRUWDHmhTtPtTSeamEe5ARUiLVu/IFaUeD1rGhyrCtWJsoDUyRcX0HTcVErZ/Co7qbaRUcMoJ60ktAb1LobA70VGr8UUrBc9Ni4FXIeTVSMdKtw8GuBnWi4gqUCokqXPFZlDxTwKiBqQNxSARhVeQVYPSq0poQCA1YifFUwwp6yYPWm0BqRvxVhZOKyVuAO9P+2Ad6nlHc1t9G6stb5c9aeb5cdaXKwNAtTDIB3rPN6PWq76gufvUcrA1jKKQyVlrdg9DUU1+I1JzT5QNSS4VBkmqX9ooX27hmuW1XXtikK2DWVp2rmS6zIx5PStFT0uUlc79pgw69ajwJFyOtVI5A8IK8/jTBfGJsFVx7ZrJstRIr2MLLupiRRMCyqFJ7gYNSz3QlXK4B/OqRuLhPuuD/wBs1/wpxLsNO1ZdoPPr1P59a17eNTGP05/xzXOm6uTcDcqkenlqP5CuitZUMYLwgf7rEfzzRUXmCZYESBSMgr3VhwfwqlJ5ETlkby8dc8oPqw6VbaISj91IRns44H5day73T7onKoX287l5P4AZP8qqmjObNqzv1VRkgbh6gqw/kRV0TW842owjkPRWOFP0PauHjOqQufLi87J5SRdxb6/xfqKlZL2Th5PsbHosoLRn/gQ5X8QfrWjpIz52tzpJi/mGOeJg/QHGTj/2Yf54rMn0wxt8+DbvzC+cmInqoPdT19uvrmW0u71UW0uYfO4ypzv/AByOcfXB9K0oLiHUrGaCS2aN04ZWBbP9T7Ec596zd4bFxfMcvqcb+HxHJADtZsMp6Anj8A3T2O32y7+2vtsIeIbXZl2hTz35wefT/OK0ZY4dZ0p7GWVobhAVGSDx256MCO/16c1y+jQXb6jPBLGVCYAAxkOCQSfr8p/4FVJJxu90VfWwC4liVyvKgZz2HJI49gB/LsaSC7iMuxxseVQDG3Pp3OSDkD0xyO1dO2nQLCqhSjEEtx0Ixx/n1rm9RsLZFYuREAfvA44+n5/lVxqKQOm0XrLWBp85YTxB5PlIBwrY7/nuz9RWJr2qLqaRX1oscV+n3ZhOsbLxyeSM8elZ13Y6bdmSOG9JPT/Wk4IwD79vx4rMfwNLczEidxDyR3JOeeOn6/zpxVNSu2VJVOXRHY6Dq3i7xNAtvaOkagAPeNgbQccgdScZ6AV3/h3wpp/hmOScO097KP395Mcu/wCfQe355rB0C8/sTT47aKyXgYDKeMgdz0puo3dzfZe5kxEh4jOBgjrz7+p4rBtXairIXs3e7L+v6613vtLGQrGPlkm2njPocgZ/HntWBYaRLDJcOZYWQYzIQA575zjHqf8AGtC2t0bcjxrIP4WV9wbPck8enGOfyq+ltMh3sT5mMFDI3H/fROPp0o0SsilocvNDpcLy3JikeYAkSviQE+xYcDP0rgdc1i4utQeCaFo44/unPU/jn88/jXpupaeryqJWIkdjjdcn93x/dHU/hxXI3Pgktq4lSc+UmWPnsDubsSOre9bUnFbkzu9jjre0jSTydqs75f5dxC9wD7/y9as2ulXN04hl3ieRicZ5Cewz1rsl02PSfMuLu4SaR1yGmXlTnPBOQo9OpPXiqC3WlWY8/wA3bI3HHUk9ST6f5+mvtexCp3MaXTYbN2hnQlmPyqW4wPUjrzk4B685OKrm3gt13zKWn52Q5G0E9z/hx6+1b8s+m3UfyXI8wctIRtwPQdx+Vcjf3EKK728gJzjjngf8BFaQk5GU4RiWYbS0t5Skko85wP3jDhD9PX2qrJHBPcMFJcDjIHJx2Gaw5LqTAw7b25JrS04SSphuF9TwK6Hda3OZWeiRUlgnmmwI8qOOO9U5LSfOfKbH0rrkUPCIydpUdSMY/wAaniEYCfudwXq1Q61uhrHDp9TkrbT7p8N5ZVT/ABHirUlv5IILZI9K6C4AkTg/8BxjFZsliRGXdlXPTJqo1HIznRUfMy0OGFats+UwayZdkbnD7vpVm3nyRzWr1OdaMvkfPV2H7uKoq4YjmrcbcVDKQ4/K+e1XYXG3rWbJJzSJc7eM0WuNOxLfSfN1qvHLjmmXEwfvUKOQOtNLQl7mqs/y9QKKzRPgYzRSsFz3KNeKsxDmo404q0iYry2zvJkHFOpyrxSEVAxtSL0pmKegpAKx4qrMcA1Zbiqs/Q00DKjORUTT4702V8ZrNuLnbnmtFG4i7Je7R1qlLq23jNZNxe9cGsi4uWY5JPsB3raNMhyOl/tkjJL4UdTUq6yZQNp4rh5jdylWAIVf4R0Arf0yEmJS1VKEUhRbbN8agzJnNUJ9SdZOtXIrTMZx0NUGsS1xg9KyTia8rNSyvHfB7VZulaSEkHmore28mLHenSXGyNgegrCU9dDaMDj9XDoSO/rVLTkYv1OetXtZuI3LAYqvopBmAPPNa814mnJY7LS5pBEA+TU90hZcjrToETyQV64pJWO0jFc19SrGfvfOM1et+R8wqkrHzfu1cM6pF2psGBMPnDjmti3WORQBxXNwHz7rOcc1uRZhxilMVjWWFUGQahldVOSufwqEzSFapvqCQP8AvP1q6ephNG7aXyyEIYyf94ZqPWxFJaESKAB0Ixx+YIrKHiG3QDYRms7Utdku0KISP93rWqi7mZDbOsFwuyctGGzsJKc+v8Qz75WuoIktr6G5DE275EhYDP1J6GuEjkd51O6IkHnK8/mK7vQriHULE2zlRPCONpz9DRVV9So6Gbq+nyWmt2+oWu59xwFUZx6/1OOmRz7Rt4dZdZbU4mfc2QUY8EZ5H8/yHpz1YiF3aeXJnKn07j+tWYotowQMDpXO5NaGqkkcpqML2tsJWbYpzjc2PTIH4iuM1O6N1FIpmZAflGBuPTJ44z/KpfidqsreKbXT4HJS3gEjRqeQ7EgH68VT0uWO4tk3QCNn54Hf/OR/+utFTcY8xvCd7XKVtp6QTZto19AVXGPbjrx/KtuBjE4QvgE4yzY/r/j2q7BZK24kbipz9Of5VLcJDGhG0dcYAAI/z/WsXJt6nTpsiITStGcSJGnUFlbr09Rjtzz19qitRcXM+6TzQynIdcyKOxBUAAk8c9fYUTxoY/MXdGFyQ4PIxz0+mf8ACq0VvJNNH5MsqIh4XcdoOOuD1wTn/wDVWkWrHNNHWQT2trCib12IMOzJhB7cnA5/+uaSXVlmklSGLLEYwo3ZP1Xjp/tVg4FsqiMzSbSdqY+U+5AHOABx3J7cGobma+k2yLbSyt1G8j5s5H3euBz6g9gapRuYvQ6Ajz2Py5SMDahfgE9yBx3JrLllW1m8uF2d3J5U4U9ySevX3xWS8+sQSEC0liVRtVhFsUHqewP5jr9aksTNJcMZnCMPvb2LMQO5xzj6nHpQ1YcV3MLxHot3ql6v2dT5TN8z7m5P8sD/ACaiHgeKOFI5ZGViMlt/J9fWu0luIbZTI7xxRAfMR0I9Ce34GvPdd8Ztc3D2ukM4RWPKDj9BnP1P51tT556RJnOMFdmbrfh4WnNvcLGh4VPMG4fhxWTb6cIoSJHJcnJ54H4EZrcsLae8UMzRNg52uyx8+vJ5rohpkzjaId0jAr5kU+SF9gpOf0ro5pR91mFoy95HALpMrzSB4irggHPatK3sVtiBKu4Dn5Wz+FaV1phtbltqT7V5H2gHJPrjFQDzPta+ckjsOeWCgf0pym2FOmkVHc7ypVwuc8/55p8rFOBkqOeTx+FWbuzeZsrCQo7qw5+p/wDrU0W2FUzRYjHHqR78Vk5HRCCvqZvnqu5izFvrUUsSzoQZHz/vZq1qGkTRRtNbzxsg529Dism3kk3kbgD6VrCTaujGpCN7NDLrS2jTfHKGGOh4NUUkaJ8MCCK3rhHe3IZFYYyCK5yTIc9R7GuinJtanHWhGL0NSG5yRzWjFcfLXORyEEVdSfCVbVzFaGnLLk5qEuapfae1OE3vSsBYaQ96b5mBVZpeetN8wGnYRM03NFVmJJ60UxH0vCOKtRrVeHpVtBxXis9EeBxQRUiigipKIgtPAxS8UjSBaAGucVQuXABzU001ZN5OcGriiWypdT4zzWJd3HXmrE8zOxWo49OeQ/OOK6FaO5Or2MGeZi1PtY1kYE8885q3qGmtbSKy8qaLG2LTjaOvNW5q2gowd9Tdt9Mia137QeKz/MW3mManvXSRwGK0IXuK87166nsNSD4OwmsINzbRu0krnoFpIrQjnORU/wBmXG8cg1wth4jUBAGwfSuw07VI7hQQRg9R6VjUjJGkfIvFfk6VmXikg44NbgCsMjvVK7gzk4rFM1ieaa5HJFKSM1X0i+2TLk4Oa6XXbRGjbI5rhdphu8A967aa5o2JqTsz1TT9RV0AJrVRkdeMVwmkyO4UBia7G2zHCCa56kOVji7kkiIpycCqswV1OKiu7nc+0Uqt+55NSkyitp7lbzHbNdSjKcZrlY51gnyBiugsibhQ3aiabdxNo0HkRErD1IpKDxj3rVliAXGazriIEGtaasc0nc5qSMoc1LbmSU+WCAO+7kfl0/TNXZYVB64/CqroY3BjYZHPAP8AWui9ySysErAhGmyvUFyoH88CtrRZZFAG0o+cCRX2r74znNJoNx9on8uQKH/vCtu+8PxzIZIsCUDIJGQfwrOUlsyWa1vJvO9idhGD0xn61eLCOMuxwqjJJPQVx+m6sLaVre6jZZAcF9nH1yB0/Gr3ijUPK8GarJbMHlNs6qA3IJGOv41i6bvYu+h45qV2mvePX1SPm3ZChz0IDnHp2rfWAwhZ0cDJ+YDOcn+fpXBaXdu5VkGxBx78fyFdDaeJ7aVTax3REgUgKw6/TP410z5lK1tDvhTg6EVGWrOvivTs2sA8mOAVz1qlLcshByuSfu9yP/1Vi2msbt2/5tjAHd06dqrX1xeSBnRWwvYYyx9q5p0/eLpPSz6G1NqkYxj5myNrAdulRza6tqnmzbgxG4ZPHPfv61zFtaX11e2aFPJjJJlJHIH1/wA9KreJVa/1H7DbSOVjOHJ4Ln0Ht0AqoUU5JXJrVVGLsj2Dwjq2jSwBluoeEGcvjH1z3J/ya6G68XeGrElbnWLGJ8ZKtKob8q+drbRpoLHdbiZ5gxE8W4qGTqMgY/LNenaR4Y0RYodPgtYJ0RVN1ePGDJK7DOxSfugAjJHPbrk1c6NKCcpS0PPlOpJq0dWdYPH/AIQuGCLrNoWPAy2KuTQ2Wq2Re1kR4pB9+Nh83tkVz978LvCt7blUsfs0uOJIXII/A5B/KvPrzTvEnw31HzbG5L2TtnkExS+zL2P0rCCp1Pgdn5lKXLuaPinwDrNzKf7Nk2wtnchmOfyxWbpPwsERSe+kZ+fuEFfz616N4c8W2nifTDNETFdRcT2zEF0PYj+8vof68VmeI9auNPjDLCJAQcPgj8D6enf6VtGrVXubA4Rm+YyptBhtodkUMcYHV5IUkU/iwLf09qS2O0Mkz+YVHMaYVU/Acis2DxI9/II7lBC69STnJ/AVs2UMwHmliwJyGDE4H1zgfSm20veK5ShdF1jGdqQdwjFMn8c5/HFZQVbiTJVVTIGDHgj2BXqfqtdHfb1T5oiAf4j8pP59awWhdJ1cIpQHJ2vt/DpQpOxaii75BERRVnPYbiWH5qf5gVmXtnPawtIIguTzvPB+hFdFai3aBXRnQY+75pwP0qaSNZI8owx1yrg5/PrU82pWxxVpC7q7qu5QORvLce4rm9asWsL1ZEUKkoyvpXo500LKWAQtk8oQMj3ArN1DSF1GGSwnXawG+BwvP+RWkZ8srkztONjgFupBwDVK5KSMWxhu9XJIZLK5e2uFKSIe9U5lYucCu6m10POrJ9SuBzUvameW3pS7HxWpgMJOaUSkUGNqZ5bUBoO800vmVHsajY1AaEnm0VHsaigND6lh6CridKoQyKe9W1fArx2dyLQIAprEmmJIrHGatxqhHUVI7lPDGgxk1dZEHpVWa6ig+8wpoRVmh4JrA1CRVYpmrWo65GCY4iCSPWuZmupXk3tkjPQ1rFNaitcttHzvwMg1pxOGhBA+YCsEXL7gNpxW1YjzcAcZ7VE2axiZ+oushAPBHap9JtUKlsj2qXVNMMib1+8O9VNJeSKUxntwRS5rx0KSOqt13R4YVzXiLQ4r1GIWtxbgxjmomnSXIJHNZRk4u6L5TyK+0uWykO3OBWvoV7JuA3c+ldJrNjHIjHArk7WBre9OBgA11qXPHUXKovQ9IsrrMQyasTT/ACGsHTZ2faK2jAzx5NczhZj5zmdY3y7gBxXDXUDQ3BJHevUL23jiiYt1xXn+r7ZJ2C/pXXRaMZ3Zd0S4XeoyK7qGRWgHIPFeR2lxJaXI64zXdaXq6yKqsetZ16eprSl7tzYW2M0xNWmsyCFrd0W0injD4BzW6mlQbtxQZrndxuojhxpG4g7P0rdsrBo4cBa6QWUIH3BSmJUGAKTbI5zlbqGRWxis2YFQc1111ChUnFcvqAAJxWsCGzCuieeaqQ3Esc2BKwB/2sfzqxct1rLdtr5ziuhIDutIjt3cHzZJGxkbwcH8eldbBgRgZP0zXmWma4LNwsYUrwDnOT+uK73SrpriNSgAU8nHpWNRNE7Gf4i0c3GbiIBXUZ+6OtZGgytezywXriRkfayhcJ7DHToRXeSbXGwgEEc5rgrkHSfFYYuQkxACjpk9h79P8inB3TiNvQ6J/BXhidvMk0OxZs7i3kgEn39aivPAXhq9hWN9MiTYP3bR5Vo/90jpWtazLgENmMjr75q35gMe4c8Z+tYuc11KSR55cfCy2gmEtpqVyvPKuqNxnPHFWovDUMCkHJBG1jnJz+PToK6q7ulWAybtwCkgDqcc/wBDXKWHiuyv5rlNxUxkht/AIGSCM+v9RWTlOR1Qb6hqWlRWVqGEBLKv/LMdvYfX+vtXAR2H2nWHd5ApVGJdvmAUAHPYkcfqPWvUNXvI5dLZI8M+3ryPxz2//XXD2kazNNI0RWYEqcD5wTkNx36A/Xp1rai3yu5E3cu2K2cV3Jp85Ec1xERFIePMyvOPUjjI9hTvB101tNLoszAXNsTtUnO9MnBHrgcfhXP+IJBPb27QNJIifLkt94kkggjOCCTz69PbD03xG9rcgapGbyFWJ8wkiaI9treoyeM59/W5UOeOhDq62kezan4hg0PS57u7b93EMBehY9lHvXlUfjTxD491FdEP2a209n3zNFHuZYwQcFj1PAAwB+VbuoaIvjrR7aSz1pru3iO4QSuI3B6YLAHtnqpPPWtXSNK/4RW1EEPh2+MectJbiKUsff5936UqXJSg3a8vyOSpCo5abHmWopeeD9eFzBxLD/DnAdT1U+3+Feiadq9v4h0qO6RPMDLlhn5wff3HT3+nTn/H9tfeIFjk03QdSRlBDtPCE4/M571meALh7K2uIHBSWFsup64PGQPY/nn6Vo/fpqT3OiF72N3+y7Uz+aCdqniRQAQP0x7g/wD1614LORcYn3MByApB/HFEKq7uTiPzMMCoyp/zz+XfNPDJFxkFRyDu+7+A/wATWTfQ1WpDdxFUDSsRgemM/wA65m7kgeQMu8Op656/XtXVyHzI2DRo2BkESHH4cVzGrTyvKY5oNsQ6OrBjVQHexbtLxRH8shUdM+n+f8ir8MxmDKrIrN91wPvf41wrXLRzr5chdScAk8+wrY0jV/OfyJXYZIZc9VI/+tTlBrUq6Z0WrmS3hkcMg8sZ+ZRuz2GfxFZbTT39jDfWzKZIVEo+UZK5wy9M8MP/AB6r+rbp7AmQZVwo3r1JBzj6npmuX0HVCkrwurL5UrIUHZHRjj8Cg/OtYRvG6OaUrOzLGv6XHrulrewbRdRpuBB+8OuDXn6MshwV2sDgivT57YaWk58xQiAtjPQHJx/n1rzdgLi+lniUFSxLAVthnq10IxMVZPqL5HHSkMHtWrFbbkBA4pzWuO1dHOYKloYxg9qYYPatr7Moppt1J6E/QU+cTpGJ5FJ5Brb+yE9EY/hTTZP/AM8z+NPnJdExvJNFa5sXz9yinzoXsT0Gy8SPK4KmuittWkePIORXIWdgscanHOK2YNsa/exXmScWdnJYvy646TYGauW+uSORzWC6q77sA0vnJEOCKHYXKda+slYSS3OK4nW/EryThOgzyc1Hc6k75VGAx1zWRLp7XznewB6giqglHVicb7GgJ1lCyK/P1rRgYuu0gNn1rno9FuxD/o7ksv8ADWpYQX6xgyKS30pTt0ZcV5G7FbjZnZkDqDV+zliibKEY9Kh0t2a3IkGTj0rO1APbTmRPuHqK5m7ux0KJ0jSpMpKke4rGuCtvKX6VlLqxjcBW6043puZQj8Z70KLQ7JGyl+kkOM81SlaZSWU8A1JaaYRhs/hV2a22qoxx3ppJMlsovHJNBk1iyWZjlJI6mu1itQLVSeprMvrdQm4DmtYSsYybYmh2g3AmumkCRR5OAAK57SbgI+DV/VrvZbnB6is53cikjmfEWpkBlTnNcva2clw5ZgTk1uvB9rny/wCVa9pYRRp0FbcyhGyBRuzkZtEZyDtp0Gny28gxng123kRHsKrTW6buBU+0bLSNrwteOiKjmu6ilDqOa890p0jcCuzspVZRhs1jLczmrM0y3FQSyVJjcKikj4pEXK8rgoa5bU8ZNb91kA4rl9SkIJya0gtRGJcnrWPcNzxWjdSjB5rDurgKTXSkMsWsqm4RWBwTjjj9a9G0bUoUhaKIhUUhQc569AK8hN4A33q0YNdNrEMOwIJYD37UShzIGezQ6oktyIQwyffvmud8aWon2zK2HzlWU8jHv2/+vXHWHiOSG9STzAQuQOf7qt/U1sza+l/ZfMVUpu+ZiAANwrNU3GV0I3fD+rJ5Qi5wowc9D0A/kf8AIroUuRbbFlP7nGAx7ZOMfh/SvLYr/bLtt5Mgcsex9T+X8/etm18TQrp1xDd5O5GaLcc8l8fzeoqU7u6LWhta201qZNRgLSxxsSEB6dARjvxurlPEWkWuraVHqcYe3aD96+OO2eSD6rj9fStSzviALCbGydcoc5D/AOev41kadrnl6tf6FqW1reVHaBz0+XIwfYgVEU4u66G9rrUZpV7CsJhsG82DcFAJJD/KNrZByD0HuQfw0Tp4QvdWjBAy5KDAZeMljxg46Hj044BrJ0fSYLPVL23jcLFHMvlLk8Ifmx+Wa6JMxlp5vmBUndnO4YwQfrn9PSnJq+gdFc5DWZZbWdLcyW6+YeGwSAO2TnOD+IFcoYDcT3Nw8ThxwN+MEDqpGOw/EfrXV39nFJe3P7suVkBRg/OCQM59gSPwqPT5ILCQyHLA4JSTgZ9h27gfj+GsZcqIlFSZkaczRbhuNrcDDJJG20hjjPt9f58V2el+MNVs0xcobpMZJCkFgOCRk9sc/wAqwrqxjuJyIyqsOcMNpBPYH8R61YtrQTTS20ZkUxkBHxuyCe+O4yP59qmdpaspJLQ7SDxla3KrFcx+W5YL83BBx6GuD8TLa2WuRX1lmA3LGKQ44G7jr7HBx2xW7Bp98kW2O0lcFMYfgZ3dPm7HP8/YDE1HwXr2rbFeW2tolbIQylj7dB/WlSilLyJm9NCDR9bE1qhO4c7SEPAPr7DgfSt6K6MiueHBGQyn5hjP68enes2x+HUloMvqe0E5KpGSPzJrdg8O29t96eZyepyBTmo30GpaFNNSyQNu4HrtOCDWNqczsrhhln4GB1Hqa6ptMtQMGPcfUmmCzjjGUhjUjpxSSHdHl1xpt2lyrRxysARkBCf1q9ZWd6XEotZFZW/iUivQvLKjt+AqNs+p/OtlLSxD3KtpO0unNaXUckeQV3FSe+QfqDWDLod3bT3N3Y+S9zOQxLnCqeckce/Suibd0HFRsrHqxpxfLsRKKZxU/hrW7osb3Uowr4ztJbNWdP8ADMVlnErSE8H5a6cxrThtXoKv2jtYn2avcx10lV+UA4qUaPH1ZP1rSM2B0pjSk0uZl2RR/suAfwimNaRJwAPzq0zZ6moyy0aibKUkOT8q1Xa0duQAK0Sw7Cm54q0S2ZR0+U9XH5UVq7qKdySzHdoV4pJL5FX5jXDXGp3ceGPC+1W7O9nnjyxBz61i6VlcPaczsdBLqL5BiPFPe7OwdiazLeKVmOVzV6ayZY1bOe9Q2tjVQ7kKwXk85YYANXrbS7oOCXI5p1oxjRGVsqxrZE3mJsGMgZrOU2aRgiSwhMWQx5z3rT86FMbgOa566uZYvnUHJrKh1qW5v/IkUqoPU1HI5alNqOjOyR0R2Ibg9Oao6tch4TGoBJqERNKY1DcVqQ6Wrspf9alJJ3Y2+xzlvpbvEJMHPWtG3sVkZeMN0Nb0dmLePZjI7UlrZ4usj7uQR9KfMS3pYc6mztAz9McUy0u4r5GUY3CqfjHUkttPESn52OAKyvDsrQx7mJyTzVxp3jzGLnrY6u5uBHGAOwrOlBmRF9eaimdpzjPvVu2BOTjoMCi1kNGVKwtJA1UdU1pRbEk5/rWpqlhJMAFB5NZ8nh1pgu4ZxWkOXeQpc32TnbbWQGyQa6C1v3nA6ipIvC6Kc+X+ladvo4iAG3GKqcoPYIRkt2JHuI65pSjMeDVv7HjgClSyOeQaxbRdmUo451kytblhdXEbAMcimxWqgDIqwsSjotTfuD2sdDa3O9Bk1NJMu2sWGTYMAj86mMpYctUkcjIr24bnaK5HVWuixIiyPY/412J2N1IqFrWFzkrmrjKwch5TfPegnbay/UIawriLU5SQtpMf+Amvd0s7ZR0GfpUogt0H+rX8q1VdLoJxZ8/RaVqr8pp9wzf7hFMm0HxA4z/Z84H0r6FCxdkUCnhY2/hBp/WbdBezb3Z88QaR4l3t5em3RGSRhCOtaumeGPEU4m+2wyW0LjBIXzHPIPAHHbuRXuqhB/Ao/CnZA6cD2oeKfYXsvM8mTw/rMdqsFjpUqIfvNM4Dv6Fm6KO+Bn/gPWsm68F+MLgSSLaxb3dcBZlAVF+6B+PJ+me9e28dRSMB1AqViJLohumn1PJIfCvjXbaZFon2f7pkm59OdoPoKsD4f+ILnUftl3qNijKCYxEXJQlcdwMjp+VenlsdeKjaRV96n2rvdJGlm1Zs8+07wZr2mOzHUba5ZtoLEshwO/Q960W8Pa1NKhkvLeCMOXIjy/U5wMgY9K6ppDngAU04PVqlzbdyvI5yPwepnlmmvZGeTIxGgULk9s5qwPCGlbg0sbzNnOXkb+QIFbBcJ0NJ5uaXMwKUeh6XAwZbG3yOAxQEj8TVrKqQFAAHpSMSe9Rkhepo1YiYnIzgVAxIPNI0wA61CZc00gFY8VA4BNSFs1EzAc0wIn9BUJGOtSSSgVUknqkOwr4yagYDNNaQmoXY1aCw5mAqFnFMLEmk2mqCyQxmNNzTytMIxTEMZqjZzStTDVEu4wkk0mKU4FMLYpk2FPFRswFNaSq0knvTQiYzAGiqLSHPWiqsI5poZkGVYOp7Gkt7oxy7WQqvpTJbpo7cAEdOuafYW5u4icl2HcU+l5GV/etA0ovEQjjESjBHIarCeJQY8sfmzgr7Vz402Z7raqsUT73HSpb3TlhIKn5ivQUvZ072E6lS12dDp+qA2M6hvnjfen0NbqXyGGK8ib5QPnHp6157awzQPncQMfmKu2l3cWqyQFWKuCMY9amdBPYunXstT0hZ4JIjhlYDnrWNHD9s1JgifL0zWbpOmahKANzBTivQtG0aO2KiUfM3eudxVK+pv7TnS0KNrYSWwAZifTNdBZ72UA1LcwRhQpxkd6dbBY0zXO9S+bQdgsSrd+lWAqxQFu9QucsCv0pxDMmz86LE6nA6raXOrauWwTFGcAVuaXo0iAFq3orOCI5xk1bWSNBgAVs6jtZCUEipDpioMkc1ZSzVBwKl3sxwKkGQMnrWV2URfZkJyQKDGo7CpiNx46UjAflSGQGLI4FM2dqtBSw44xQYiO+adwKZQg0FTjOMfWrfl8AnpxyKZtQHLNj60AVixHtTTISeQ2B61MU3j5VAx3YdKrSW24/PMQB27UwFMxTIAOfakW5k5ypBHvmgrGoHNMkmxwoJPqOlMZMs8oIzj6AH/GpfOlI4HfvVPzCfvcegpDKw6A++aLAaAkckZl2+oAp4lVDjJPuxrM804OWppuBjryKVgNsXACgZ/Kl+0jOetc+14V70w3p9aOULHRNeIo5IqM6knY1zhuGY8mlEoA60+QVjof7RHrTW1AkdawBcgHrT/tdHKOxsNdM3U0nne9ZH2jPenfafejlCxqmb3qJp/es03RPem+eSafKFi+ZqQ3Bx1qj5hJ61IrU7CLX2hjxTSSTyaiDAU4yACkArVEWx3pHkzULNmmFhzS+lRPITTWNRk00h6DXJNREZNSEimlgKpBcbtpjqKcXFQvIKoQxsZqMtih3qFnpoQ9mqJm4qMye9RmSqsIezVEWprPUTSU7CHu1QO9I8lV3kqkgFeSoWams/vULyVSJY4tz0oquX5oqibmRbWkdxbYkYDk5NaemPDpVvJlASe571hROVb5Sdpq2btioRgWDDFROLegqcoJXtqdJZXEd2sjFgEJBAHU09LFJpll8oeWThW9K52ym8ssI1OK6jTZGEbPI20HovvWM04PQ1i1OIXuk2sECM3ZT0qfR9Njv1SUqCqcZxVWVLm6udiqzJnn0rptNsntLdY1ICg5NNtqPmQknLQ3NJhtrTcpA2kflUV1eyyuDAMbTSJ5aqSWyaBcKpwq96wtd3ZpYmVppW3OathwgAJrNa7I+64FRi6cjJ5+pp8o9DZF1jgCnLcsTg4FY4mduCcj24FTDzAAV2oMZyR/jS5RmvHKCc9feplZMnJH41iG5dQOdxPXJ4pxuQOS/PXC0uURumVI/mY4xR9rjySM4HqMfzrEW6yc55+mcVN9oLHcXf8eBS5Rmus5c4XafoTipFI3YZx7hRWQbpgu1cn3JojuWU9+e55pcojXN2MhURj9R0prvI3RsHPQDpVJZzuBJ4qyl2GyFX8aLDJGh3DMsp/PFMUxq/yEse+Kjch2y70CSNPuLk+tAEzlnwq8e1RPD5n3yAKb5zZyT+VL5y460AM8hB05+tI0ZOcmgy8/LTTIcdaeoEDvt4AFU5pnGe1Wm5aoJowRwOaaGUTK5PFNLyZqfy8GkcYFUO5WZmPU0wyFT1p75qBlNUA/zzTTO1RFTRtpjJhIfWpBJVccU8NSsIsK/FSBvWqgfFL5nvRYRaL0gkqqZfegSU7AXBJT1lqmHp4alYZcEtI0tVd9Iz0rATNLTDLVdnqMye9OwiyZaY0tVTJTDIadgLJkqMye9VzJUbSU7AWGlqFpKhMhpheqSE2SNJUTPTS1Rs1NIm4rNUTPTXeq7yVSQErSVA0lRNJUTvVWAkeSoWeo2ao2anYlsez1Cz01nqFnq0iGxxfmioC/NFUZ3MSOfIHOKvQ5ERbAJPGazLe2kkYZXC+9dBZRQRgGU7wO3anJIxhzPRCWVrK8mIkZskfSupsdLkY5uHCjH3VqlDqcUagKAoHGBV+HUN/wB3jPTPNYTVzpprlVjdhkhgj2xKBjvSteHOC2MdhWbEWZvn5+pqyXjBxkcegrPlNLk/2xwcqevqaQSSycyP+FQGRd3ypgH3qQYbgY+tFhomQqGBDdPxqXAz8oL++eKYkLMeCT9akEDhvnYgegqRk0UhQEl1HsKkM7SA7WP1zVdYl3/MSfqalDiLhcflSGPSGRuWO33J7VNiKJiM7veqrTMe1BYleKVgLYn+XbGuAO9J9obgE1VUt61IhGcmlYZdWc4pRJnPPNVx8w605AFNKwy6r4HvUgkYD0qoJQKXzGNTYLFsyHHJoE+KgXLfepcKKQEvmM3rRlutMDqO9I8wxQBKHxQZRVJpqjMxp2CxdaQetRNKDVYyZ70BqLBYmJzUbLRvpGJNMBhUVE4FSGmFc0wIG60wirBWo2U1QEJ4pC+KcyGmFKYxpkppkNDLTcUAOD09WqGlzimBZDU4SVU30eZSsIt+ZTTJz1qr5nvSGSnYCdn96jLVEZKaXosBLuppOKj300tTsK45mqMtSFqYWpiuKWppamlqjZ6YhzOBULyUx5KrvJVJAOeSq7yUx5Peq7SD1qkhNkzPUbPUDS+9RtL71ViWydnAqFpOahaWoWlHrTSIbJmfmoWkqFpahaSrSM2ycyZoqoX5oqrGfMhqzHoozUolx95iPYVREh5CjH0pwIX7xyaLApGlFcbOR/8Arq9FqJI+/tHtWGrkjgVNGyjk81LiXGTOmt9QfdhGJB9a04XLYLyAD0rkI7srjHSrialt5JrNwNVJHZxMG4X8asxFA3LZri11xh0OKnj109zUOmy1JHeidQuAwH0pyyBu9cXFrm48mtO31VWX71Q4NFJnSkpjrUWRmshbzf0NWEmPrU8pSNLK4pu4ZwKqrL704y1Nh2LYbApA/PFVPOyaejE0WGXBJinBye9VwaeGxSsFyzGeeasbgBVESYpGnOKVgLbXGO9RG5PrVQuTQMmiwFwTk96N7GoEqUGkMDmm5p+abxQAc04ZpARTgRQA4UUAijNIQYoxmlpaYDNlNZBU2KQigCsY6jZMVaYcVC1NAVmXFQstWXqEiqGQnNNNSEYpjUxEZNMJpzGmE0wFzTS1NJphamK48vTd9RlsVG0lOwiffQXqsZaYZfeiwFhpAO9RtJVZpveonnA707BYstKKhebjrVR7j3qB7j3qrA7IsvPVZ5veqzz1A8vvVJEORYebrUDS5qBpahaXPerSM2ydpfeo2m9KrmSmF8nAqkiXImaUnvUTSU1gfWoznPWnYhscz0wtSHvUbNg1RA7d70VCTmigm4zd2FOA5yxzTFp1MlEgkx2xS7zUYp3ekVceJCBS+YSeah/ipe9AXLAkxSiY+tVx0py0iky4lwV71cgvnX+I1ljpUqdaTSNIyaZ09rqeMZatWDUQ4HNchDWna9qwlFHTF3Oqjutw61OsuayIOgrRh6Vm0VcuJzU6HrUEfSplqQJQ1LvxUQobpSGPLk0ZzUYp460hkgNPBqLvTqQyUMBTjIBUJpp6UWAmMwpPNquetJ2p2EWvNHrQJh61UpRSsBcEw9aeJRVIU9aLAXRJmnhveqqVKKQE+7ikLCmdqZRYBzNUTGlPSmN0pgMaozT2qPuaYEbGomNSN0qFulMCNjUbNTj3qJqoQhao2cAUr9KryU0IGlqFpqa9V3qrFJErT471E1xjvULdDUL9adgJXuPeq73PvUb1XfpVJGcpMlaf3qBp6jeom71aRm2yRpqiaWmHrTGqrENjmk96jL0hph600Q2KWpu/BzSGmmmSPMtMMtMPWm0yWx5kFRs2aQ9aRulMlthmikHSigk//9k=&#34; /&gt;&lt;/p&gt;',0,1,1589257154,2,'',2,3,1,1589526234,0),(4,1,'你这个bug',7,'&lt;p&gt;太bt了&lt;/p&gt;',0,1,1589450053,2,'1',2,3,1,0,0),(5,1,'空指针异常',8,'&lt;p&gt;很严重&lt;/p&gt;',0,1,1589879190,2,'1',2,1,1,0,0),(6,1,'',8,'',0,1,1590223004,2,'1',1,3,1,0,0),(7,1,'你好',8,'',0,1,1590223053,2,'1',2,3,2,0,0),(8,1,'Hello',8,'',0,1,1590227347,8,'1',1,4,1,0,0),(9,1,'fcwc',14,'我的东西呢',0,1,1590227786,8,'1',2,4,1,1593766157,0),(10,1,'Hello',8,'&lt;p&gt;dfffff&lt;/p&gt;\n\n![water.png](http://192.168.50.43:10001/showimg/1593686068491406352.png)',0,1,1590227829,2,'1,3',2,3,2,1593686084,0),(11,1,'',8,'',0,1,1590638730,2,'1',2,3,1,0,0),(12,1,'项目',14,'',0,1,1590638779,8,'1',4,1,2,0,0),(13,1,'xiangmu',8,'',0,1,1590649606,2,'',2,3,2,1590649640,0),(14,1,'test',14,'&lt;p&gt;&amp;nbsp; &amp;nbsp;test&lt;/p&gt;\n&lt;p&gt;&lt;audio style=&#34;display: none;&#34; controls=&#34;controls&#34;&gt;&lt;/audio&gt;&lt;/p&gt;',0,1,1591689263,2,'1',2,3,1,1594462107,0),(15,1,'人哇热舞',14,'&lt;p&gt;阿斯顿发射点&lt;/p&gt;',0,1,1591843218,2,'1',1,4,4,1594462106,0),(16,1,'sdfsdefsdf',14,'asfasdasd',0,1,1593596658,8,'1,3',2,1,1,1594462105,0),(17,1,'',8,'',0,1,0,8,'',2,1,2,0,0),(18,1,'',8,'',0,1,1593597111,2,'',2,4,1,0,0),(19,1,'',8,'',0,1,1593597400,8,'',2,4,3,0,0),(20,1,'metu',17,'&lt;p&gt;反反复复&lt;/p&gt;',0,1,1593598039,8,'2',2,4,1,0,0),(21,1,'Hello',14,'&lt;p&gt;asdklfgaplsjkdg&lt;/p&gt;',0,1,0,2,'1,3',2,3,2,1594462102,0),(22,1,'Hello',14,'&lt;p&gt;sdf&lt;/p&gt;',0,1,0,2,'1,3',2,3,2,1594462101,0),(23,1,'sdfsdf',15,'&lt;p&gt;sdfsdf&lt;/p&gt;',0,1,1593682910,2,'3',2,3,2,0,0),(24,1,'我来继续测试',14,'&lt;p&gt;地方大幅度的&lt;/p&gt;',0,8,1593682947,8,'2',4,3,1,0,0),(25,1,'侧睡',16,'侧睡',0,7,1593763730,8,'2',5,4,4,0,0),(26,1,'取消了默认优先级和默认严重级别',14,'取消了默认优先级和默认严重级别',0,8,1593763864,8,'3,1',2,3,2,1594462099,0);
/*!40000 ALTER TABLE `bugs` ENABLE KEYS */;
UNLOCK TABLES;

--
-- Table structure for table `defaultvalue`
--

DROP TABLE IF EXISTS `defaultvalue`;
/*!40101 SET @saved_cs_client     = @@character_set_client */;
/*!40101 SET character_set_client = utf8 */;
CREATE TABLE `defaultvalue` (
  `created` int(11) NOT NULL DEFAULT '0',
  `completed` int(11) NOT NULL DEFAULT '0',
  `level` bigint(20) NOT NULL DEFAULT '0'
) ENGINE=InnoDB DEFAULT CHARSET=utf8;
/*!40101 SET character_set_client = @saved_cs_client */;

--
-- Dumping data for table `defaultvalue`
--

LOCK TABLES `defaultvalue` WRITE;
/*!40000 ALTER TABLE `defaultvalue` DISABLE KEYS */;
INSERT INTO `defaultvalue` VALUES (17,14,2);
/*!40000 ALTER TABLE `defaultvalue` ENABLE KEYS */;
UNLOCK TABLES;

--
-- Table structure for table `email`
--

DROP TABLE IF EXISTS `email`;
/*!40101 SET @saved_cs_client     = @@character_set_client */;
/*!40101 SET character_set_client = utf8 */;
CREATE TABLE `email` (
  `id` bigint(20) NOT NULL AUTO_INCREMENT,
  `email` varchar(50) NOT NULL,
  `password` varchar(50) DEFAULT '',
  `port` int(11) DEFAULT '25',
  `createuser` tinyint(1) DEFAULT '0',
  `createbug` tinyint(1) DEFAULT '0',
  `passbug` tinyint(1) DEFAULT '0',
  PRIMARY KEY (`id`),
  UNIQUE KEY `email` (`email`)
) ENGINE=InnoDB DEFAULT CHARSET=utf8;
/*!40101 SET character_set_client = @saved_cs_client */;

--
-- Dumping data for table `email`
--

LOCK TABLES `email` WRITE;
/*!40000 ALTER TABLE `email` DISABLE KEYS */;
/*!40000 ALTER TABLE `email` ENABLE KEYS */;
UNLOCK TABLES;

--
-- Table structure for table `environment`
--

DROP TABLE IF EXISTS `environment`;
/*!40101 SET @saved_cs_client     = @@character_set_client */;
/*!40101 SET character_set_client = utf8 */;
CREATE TABLE `environment` (
  `id` bigint(20) NOT NULL AUTO_INCREMENT,
  `envname` varchar(30) NOT NULL DEFAULT '',
  PRIMARY KEY (`id`),
  UNIQUE KEY `envname` (`envname`)
) ENGINE=InnoDB AUTO_INCREMENT=5 DEFAULT CHARSET=utf8;
/*!40101 SET character_set_client = @saved_cs_client */;

--
-- Dumping data for table `environment`
--

LOCK TABLES `environment` WRITE;
/*!40000 ALTER TABLE `environment` DISABLE KEYS */;
INSERT INTO `environment` VALUES (1,'1212'),(4,'axi'),(3,'流量');
/*!40000 ALTER TABLE `environment` ENABLE KEYS */;
UNLOCK TABLES;

--
-- Table structure for table `header`
--

DROP TABLE IF EXISTS `header`;
/*!40101 SET @saved_cs_client     = @@character_set_client */;
/*!40101 SET character_set_client = utf8 */;
CREATE TABLE `header` (
  `id` bigint(20) NOT NULL AUTO_INCREMENT,
  `name` varchar(30) NOT NULL DEFAULT '',
  `hhids` varchar(100) DEFAULT '',
  `remark` varchar(30) DEFAULT '',
  PRIMARY KEY (`id`),
  UNIQUE KEY `name` (`name`)
) ENGINE=InnoDB AUTO_INCREMENT=3 DEFAULT CHARSET=utf8;
/*!40101 SET character_set_client = @saved_cs_client */;

--
-- Dumping data for table `header`
--

LOCK TABLES `header` WRITE;
/*!40000 ALTER TABLE `header` DISABLE KEYS */;
INSERT INTO `header` VALUES (1,'itflowheader','1','token加密'),(2,'','','');
/*!40000 ALTER TABLE `header` ENABLE KEYS */;
UNLOCK TABLES;

--
-- Table structure for table `headerlist`
--

DROP TABLE IF EXISTS `headerlist`;
/*!40101 SET @saved_cs_client     = @@character_set_client */;
/*!40101 SET character_set_client = utf8 */;
CREATE TABLE `headerlist` (
  `id` bigint(20) NOT NULL AUTO_INCREMENT,
  `k` varchar(200) NOT NULL,
  `v` text NOT NULL,
  PRIMARY KEY (`id`),
  UNIQUE KEY `k` (`k`)
) ENGINE=InnoDB AUTO_INCREMENT=2 DEFAULT CHARSET=utf8;
/*!40101 SET character_set_client = @saved_cs_client */;

--
-- Dumping data for table `headerlist`
--

LOCK TABLES `headerlist` WRITE;
/*!40000 ALTER TABLE `headerlist` DISABLE KEYS */;
INSERT INTO `headerlist` VALUES (1,'X-Token','');
/*!40000 ALTER TABLE `headerlist` ENABLE KEYS */;
UNLOCK TABLES;

--
-- Table structure for table `importants`
--

DROP TABLE IF EXISTS `importants`;
/*!40101 SET @saved_cs_client     = @@character_set_client */;
/*!40101 SET character_set_client = utf8 */;
CREATE TABLE `importants` (
  `id` bigint(20) NOT NULL AUTO_INCREMENT,
  `name` varchar(40) NOT NULL DEFAULT '',
  PRIMARY KEY (`id`),
  UNIQUE KEY `name` (`name`)
) ENGINE=InnoDB AUTO_INCREMENT=10 DEFAULT CHARSET=utf8;
/*!40101 SET character_set_client = @saved_cs_client */;

--
-- Dumping data for table `importants`
--

LOCK TABLES `importants` WRITE;
/*!40000 ALTER TABLE `importants` DISABLE KEYS */;
INSERT INTO `importants` VALUES (7,'abc'),(8,'ccc'),(1,'一般ee'),(9,'恐龙特急克塞号');
/*!40000 ALTER TABLE `importants` ENABLE KEYS */;
UNLOCK TABLES;

--
-- Table structure for table `informations`
--

DROP TABLE IF EXISTS `informations`;
/*!40101 SET @saved_cs_client     = @@character_set_client */;
/*!40101 SET character_set_client = utf8 */;
CREATE TABLE `informations` (
  `id` bigint(20) NOT NULL AUTO_INCREMENT,
  `uid` bigint(20) NOT NULL DEFAULT '0',
  `bid` bigint(20) NOT NULL DEFAULT '0',
  `info` varchar(200) NOT NULL DEFAULT '',
  `time` bigint(20) DEFAULT '0',
  PRIMARY KEY (`id`)
) ENGINE=InnoDB AUTO_INCREMENT=4 DEFAULT CHARSET=utf8;
/*!40101 SET character_set_client = @saved_cs_client */;

--
-- Dumping data for table `informations`
--

LOCK TABLES `informations` WRITE;
/*!40000 ALTER TABLE `informations` DISABLE KEYS */;
INSERT INTO `informations` VALUES (1,1,1,'',1578016700),(2,1,3,'使用react2 开发',1589450121),(3,1,12,'',1591843280);
/*!40000 ALTER TABLE `informations` ENABLE KEYS */;
UNLOCK TABLES;

--
-- Table structure for table `jobs`
--

DROP TABLE IF EXISTS `jobs`;
/*!40101 SET @saved_cs_client     = @@character_set_client */;
/*!40101 SET character_set_client = utf8 */;
CREATE TABLE `jobs` (
  `id` bigint(20) NOT NULL AUTO_INCREMENT,
  `name` varchar(30) NOT NULL DEFAULT '',
  `level` bigint(20) NOT NULL DEFAULT '2',
  `hypo` varchar(30) NOT NULL DEFAULT '0',
  PRIMARY KEY (`id`),
  UNIQUE KEY `name` (`name`)
) ENGINE=InnoDB AUTO_INCREMENT=22 DEFAULT CHARSET=utf8;
/*!40101 SET character_set_client = @saved_cs_client */;

--
-- Dumping data for table `jobs`
--

LOCK TABLES `jobs` WRITE;
/*!40000 ALTER TABLE `jobs` DISABLE KEYS */;
INSERT INTO `jobs` VALUES (1,'python开发',1,'2'),(2,'开发经理',1,'2'),(4,'财务',1,'4'),(6,'の',1,'2'),(7,'34',1,'1'),(13,'bb',2,'2'),(18,'ew',1,'18'),(19,'3',1,'1'),(20,'产品狗',1,'0'),(21,'产品狗子',2,'0');
/*!40000 ALTER TABLE `jobs` ENABLE KEYS */;
UNLOCK TABLES;

--
-- Table structure for table `level`
--

DROP TABLE IF EXISTS `level`;
/*!40101 SET @saved_cs_client     = @@character_set_client */;
/*!40101 SET character_set_client = utf8 */;
CREATE TABLE `level` (
  `id` bigint(20) NOT NULL AUTO_INCREMENT,
  `name` varchar(30) NOT NULL DEFAULT '',
  PRIMARY KEY (`id`),
  UNIQUE KEY `name` (`name`)
) ENGINE=InnoDB AUTO_INCREMENT=6 DEFAULT CHARSET=utf8;
/*!40101 SET character_set_client = @saved_cs_client */;

--
-- Dumping data for table `level`
--

LOCK TABLES `level` WRITE;
/*!40000 ALTER TABLE `level` DISABLE KEYS */;
INSERT INTO `level` VALUES (2,'2'),(1,'3'),(4,'优'),(5,'良');
/*!40000 ALTER TABLE `level` ENABLE KEYS */;
UNLOCK TABLES;

--
-- Table structure for table `log`
--

DROP TABLE IF EXISTS `log`;
/*!40101 SET @saved_cs_client     = @@character_set_client */;
/*!40101 SET character_set_client = utf8 */;
CREATE TABLE `log` (
  `id` bigint(20) NOT NULL AUTO_INCREMENT,
  `exectime` bigint(20) DEFAULT '0',
  `classify` varchar(30) NOT NULL DEFAULT '',
  `content` text,
  `ip` varchar(40) DEFAULT '',
  `username` varchar(50) DEFAULT '',
  `action` varchar(50) DEFAULT '',
  PRIMARY KEY (`id`)
) ENGINE=InnoDB AUTO_INCREMENT=1499 DEFAULT CHARSET=utf8;
/*!40101 SET character_set_client = @saved_cs_client */;

--
-- Dumping data for table `log`
--

LOCK TABLES `log` WRITE;
/*!40000 ALTER TABLE `log` DISABLE KEYS */;
INSERT INTO `log` VALUES (1,1557134129,'login','nickname: admin has login','45.124.112.138','',''),(2,1557134832,'header','addheader:operator:admin, id: 1, name: itflowheader','45.124.112.138','',''),(3,1557134861,'api','addapi:operator:admin, id: 2, name: 获取用户信息','45.124.112.138','',''),(4,1557135024,'api','addapi:operator:admin, id: 3, name: 获取用户总个数','45.124.112.138','',''),(5,1557135281,'login','nickname: admin has login','183.11.128.112','',''),(6,1557135303,'login','nickname: admin has login','58.57.156.161','',''),(7,1557135573,'login','nickname: admin has login','45.124.112.138','',''),(8,1557135712,'api','addapi:operator:admin, id: 4, name: 获取所有bug','116.25.146.205','',''),(9,1557136134,'api','updateapi: operator:admin, id: 4, change to 获取所有bug','116.25.146.205','',''),(10,1557136249,'api','updateapi: operator:admin, id: 4, change to 获取所有bug','116.25.146.205','',''),(11,1557136437,'api','updateapi: operator:admin, id: 4, change to 获取所有bug','116.25.146.205','',''),(12,1557136468,'login','nickname: admin has login','223.104.63.18','',''),(13,1557136469,'login','nickname: admin has login','223.104.63.18','',''),(14,1557136787,'login','nickname: admin has login','111.207.194.227','',''),(15,1557136957,'api','updateapi: operator:admin, id: 4, change to 获取所有bug','116.25.146.205','',''),(16,1557137176,'api','updateapi: operator:admin, id: 4, change to 获取所有bug','116.25.146.205','',''),(17,1557137401,'api','updateapi: operator:admin, id: 4, change to 获取所有bug','116.25.146.205','',''),(18,1557138842,'login','nickname: admin has login','171.210.152.39','',''),(19,1557143155,'login','nickname: admin has login','116.25.146.205','',''),(20,1557143157,'login','nickname: admin has login','116.25.146.205','',''),(21,1557143176,'login','nickname: admin has login','116.25.146.205','',''),(22,1557143183,'login','nickname: admin has login','116.25.146.205','',''),(23,1557143205,'login','nickname: admin has login','116.25.146.205','',''),(24,1557143895,'login','nickname: admin has login','112.231.178.187','',''),(25,1557144273,'login','nickname: admin has login','223.99.166.194','',''),(26,1557144274,'login','nickname: admin has login','223.99.166.194','',''),(27,1557144275,'login','nickname: admin has login','223.99.166.194','',''),(28,1557144275,'login','nickname: admin has login','223.99.166.194','',''),(29,1557145199,'login','nickname: admin has login','223.104.246.136','',''),(30,1557147449,'login','nickname: admin has login','114.221.22.208','',''),(31,1557160663,'login','nickname: admin has login','113.97.34.21','',''),(32,1557190254,'login','nickname: admin has login','119.137.55.133','',''),(33,1557190910,'login','nickname: admin has login','223.104.215.81','',''),(34,1557281393,'login','nickname: admin has login','112.25.234.118','',''),(35,1557282212,'login','nickname: admin has login','1.58.197.55','',''),(36,1557300451,'login','nickname: admin has login','171.83.99.177','',''),(37,1557302337,'login','nickname: admin has login','101.206.169.57','',''),(38,1557302355,'login','nickname: admin has login','101.206.169.57','',''),(39,1557302408,'login','nickname: admin has login','60.176.110.57','',''),(40,1557306026,'login','nickname: admin has login','116.21.133.9','',''),(41,1557347155,'login','nickname: admin has login','117.136.40.227','',''),(42,1557372653,'login','nickname: admin has login','113.109.198.218','',''),(43,1557372662,'login','nickname: admin has login','113.109.198.218','',''),(44,1557372666,'login','nickname: admin has login','113.109.198.218','',''),(45,1557372672,'login','nickname: admin has login','113.109.198.218','',''),(46,1557372672,'login','nickname: admin has login','113.109.198.218','',''),(47,1557372673,'login','nickname: admin has login','113.109.198.218','',''),(48,1557372674,'login','nickname: admin has login','113.109.198.218','',''),(49,1557372674,'login','nickname: admin has login','113.109.198.218','',''),(50,1557372674,'login','nickname: admin has login','113.109.198.218','',''),(51,1557372674,'login','nickname: admin has login','113.109.198.218','',''),(52,1557372674,'login','nickname: admin has login','113.109.198.218','',''),(53,1557372686,'login','nickname: admin has login','113.109.198.218','',''),(54,1557378882,'login','nickname: admin has login','171.216.222.20','',''),(55,1557384762,'login','nickname: admin has login','113.109.198.218','',''),(56,1557388325,'login','nickname: admin has login','223.104.63.109','',''),(57,1557388589,'login','nickname: admin has login','106.6.189.131','',''),(58,1557450605,'login','nickname: admin has login','61.150.43.35','',''),(59,1557450916,'login','nickname: admin has login','119.4.252.222','',''),(60,1557471066,'login','nickname: admin has login','117.136.11.14','',''),(61,1557473956,'login','nickname: admin has login','112.91.82.50','',''),(62,1557474477,'login','nickname: admin has login','117.80.100.207','',''),(63,1557474583,'login','nickname: admin has login','220.202.152.94','',''),(64,1557474584,'login','nickname: admin has login','220.202.152.94','',''),(65,1557474584,'login','nickname: admin has login','220.202.152.94','',''),(66,1557474584,'login','nickname: admin has login','220.202.152.94','',''),(67,1557474584,'login','nickname: admin has login','220.202.152.94','',''),(68,1557474588,'login','nickname: admin has login','58.250.17.93','',''),(69,1557474791,'project','addproject:operator:admin, id: 1, name: 123','117.80.100.207','',''),(70,1557474814,'login','nickname: admin has login','113.91.149.215','',''),(71,1557474834,'login','nickname: admin has login','163.179.125.138','',''),(72,1557474979,'login','nickname: admin has login','58.243.250.48','',''),(73,1557475259,'login','nickname: admin has login','220.181.102.176','',''),(74,1557475446,'login','nickname: admin has login','180.175.177.64','',''),(75,1557475756,'login','nickname: admin has login','113.102.165.244','',''),(76,1557475802,'restproject','addrestproject:operator:admin, id: 2, name: ','113.102.165.244','',''),(77,1557475805,'restproject','deleterestproject: operator:admin, id: 2','113.102.165.244','',''),(78,1557476335,'login','nickname: admin has login','115.230.122.117','',''),(79,1557476689,'login','nickname: admin has login','61.183.117.38','',''),(80,1557477057,'login','nickname: admin has login','115.60.191.38','',''),(81,1557477103,'login','nickname: admin has login','1.119.40.66','',''),(82,1557477213,'login','nickname: admin has login','101.84.151.116','',''),(83,1557477262,'login','nickname: admin has login','112.65.61.64','',''),(84,1557477439,'login','nickname: admin has login','222.222.62.180','',''),(85,1557540913,'login','nickname: admin has login','114.221.18.94','',''),(86,1557557313,'login','nickname: admin has login','183.17.57.232','',''),(87,1557592360,'login','nickname: admin has login','117.136.0.198','',''),(88,1557656111,'login','nickname: admin has login','219.143.13.45','',''),(89,1557923493,'login','nickname: admin has login','45.124.112.138','',''),(90,1558001609,'login','nickname: admin has login','116.21.135.243','',''),(91,1558012714,'login','nickname: admin has login','113.97.33.146','',''),(92,1558075736,'login','nickname: admin has login','113.89.239.253','',''),(93,1558079669,'login','nickname: admin has login','58.243.254.80','',''),(94,1558082949,'login','nickname: admin has login','113.89.239.253','',''),(95,1558082990,'login','nickname: admin has login','113.89.239.253','',''),(96,1558083019,'login','nickname: admin has login','113.89.239.253','',''),(97,1558083019,'login','nickname: admin has login','113.89.239.253','',''),(98,1558083020,'login','nickname: admin has login','113.89.239.253','',''),(99,1558083023,'login','nickname: admin has login','113.89.239.253','',''),(100,1558083023,'login','nickname: admin has login','113.89.239.253','',''),(101,1558083023,'login','nickname: admin has login','113.89.239.253','',''),(102,1558083024,'login','nickname: admin has login','113.89.239.253','',''),(103,1558083024,'login','nickname: admin has login','113.89.239.253','',''),(104,1558083024,'login','nickname: admin has login','113.89.239.253','',''),(105,1558083024,'login','nickname: admin has login','113.89.239.253','',''),(106,1558083034,'login','nickname: admin has login','113.89.239.253','',''),(107,1558083034,'login','nickname: admin has login','113.89.239.253','',''),(108,1558083034,'login','nickname: admin has login','113.89.239.253','',''),(109,1558083036,'login','nickname: admin has login','113.89.239.253','',''),(110,1558083036,'login','nickname: admin has login','113.89.239.253','',''),(111,1558083036,'login','nickname: admin has login','113.89.239.253','',''),(112,1558083037,'login','nickname: admin has login','113.89.239.253','',''),(113,1558083257,'login','nickname: admin has login','113.89.239.253','',''),(114,1558083293,'login','nickname: admin has login','113.89.239.253','',''),(115,1558083293,'login','nickname: admin has login','113.89.239.253','',''),(116,1558083293,'login','nickname: admin has login','113.89.239.253','',''),(117,1558083296,'login','nickname: admin has login','113.89.239.253','',''),(118,1558083297,'login','nickname: admin has login','113.89.239.253','',''),(119,1558083297,'login','nickname: admin has login','113.89.239.253','',''),(120,1558083323,'login','nickname: admin has login','113.89.239.253','',''),(121,1558083336,'login','nickname: admin has login','113.89.239.253','',''),(122,1558083349,'login','nickname: admin has login','113.89.239.253','',''),(123,1558083349,'login','nickname: admin has login','113.89.239.253','',''),(124,1558083350,'login','nickname: admin has login','113.89.239.253','',''),(125,1558083350,'login','nickname: admin has login','113.89.239.253','',''),(126,1558083350,'login','nickname: admin has login','113.89.239.253','',''),(127,1558083375,'login','nickname: admin has login','113.89.239.253','',''),(128,1558083511,'login','nickname: admin has login','113.89.239.253','',''),(129,1558083514,'login','nickname: admin has login','113.89.239.253','',''),(130,1558085426,'login','nickname: admin has login','113.89.239.253','',''),(131,1558085462,'login','nickname: admin has login','113.89.239.253','',''),(132,1558085520,'login','nickname: admin has login','113.89.239.253','',''),(133,1558149391,'login','nickname: admin has login','113.89.239.253','',''),(134,1558149420,'login','nickname: admin has login','113.89.239.253','',''),(135,1558149443,'login','nickname: admin has login','113.89.239.253','',''),(136,1558156123,'login','nickname: admin has login','112.24.207.201','',''),(137,1558156245,'login','nickname: admin has login','139.227.11.238','',''),(138,1558156364,'login','nickname: admin has login','58.62.93.253','',''),(139,1558157415,'login','nickname: admin has login','114.249.0.29','',''),(140,1558159448,'login','nickname: admin has login','113.89.239.253','',''),(141,1558160537,'login','nickname: admin has login','115.239.237.166','',''),(142,1558161003,'login','nickname: admin has login','222.172.244.213','',''),(143,1558163634,'login','nickname: admin has login','116.25.146.247','',''),(144,1558163660,'login','nickname: admin has login','116.25.146.247','',''),(145,1558163668,'login','nickname: admin has login','116.25.146.247','',''),(146,1558163774,'login','nickname: admin has login','116.25.146.247','',''),(147,1558163809,'login','nickname: admin has login','116.25.146.247','',''),(148,1558164014,'login','nickname: admin has login','116.25.146.247','',''),(149,1558164017,'login','nickname: admin has login','116.25.146.247','',''),(150,1558164232,'login','nickname: admin has login','116.25.146.247','',''),(151,1558164248,'login','nickname: admin has login','116.25.146.247','',''),(152,1558164252,'login','nickname: admin has login','116.25.146.247','',''),(153,1558164290,'login','nickname: admin has login','116.25.146.247','',''),(154,1558165675,'login','nickname: admin has login','116.25.146.247','',''),(155,1558165678,'login','nickname: admin has login','116.25.146.247','',''),(156,1558165807,'login','nickname: admin has login','116.25.146.247','',''),(157,1558165808,'login','nickname: admin has login','116.25.146.247','',''),(158,1558165808,'login','nickname: admin has login','116.25.146.247','',''),(159,1558165808,'login','nickname: admin has login','116.25.146.247','',''),(160,1558165809,'login','nickname: admin has login','116.25.146.247','',''),(161,1558165809,'login','nickname: admin has login','116.25.146.247','',''),(162,1558165814,'login','nickname: admin has login','116.25.146.247','',''),(163,1558165863,'login','nickname: admin has login','116.25.146.247','',''),(164,1558165864,'login','nickname: admin has login','116.25.146.247','',''),(165,1558165865,'login','nickname: admin has login','116.25.146.247','',''),(166,1558165957,'login','nickname: admin has login','116.25.146.247','',''),(167,1558165965,'login','nickname: admin has login','116.25.146.247','',''),(168,1558165977,'login','nickname: admin has login','116.25.146.247','',''),(169,1558165978,'login','nickname: admin has login','116.25.146.247','',''),(170,1558165979,'login','nickname: admin has login','116.25.146.247','',''),(171,1558165980,'login','nickname: admin has login','116.25.146.247','',''),(172,1558166000,'login','nickname: admin has login','116.25.146.247','',''),(173,1558166016,'login','nickname: admin has login','116.25.146.247','',''),(174,1558166039,'login','nickname: admin has login','116.25.146.247','',''),(175,1558166283,'login','nickname: admin has login','116.25.146.247','',''),(176,1558166283,'login','nickname: admin has login','116.25.146.247','',''),(177,1558166283,'login','nickname: admin has login','116.25.146.247','',''),(178,1558166283,'login','nickname: admin has login','116.25.146.247','',''),(179,1558166283,'login','nickname: admin has login','116.25.146.247','',''),(180,1558166283,'login','nickname: admin has login','116.25.146.247','',''),(181,1558166283,'login','nickname: admin has login','116.25.146.247','',''),(182,1558166283,'login','nickname: admin has login','116.25.146.247','',''),(183,1558166283,'login','nickname: admin has login','116.25.146.247','',''),(184,1558166283,'login','nickname: admin has login','116.25.146.247','',''),(185,1558166283,'login','nickname: admin has login','116.25.146.247','',''),(186,1558166283,'login','nickname: admin has login','116.25.146.247','',''),(187,1558166283,'login','nickname: admin has login','116.25.146.247','',''),(188,1558166283,'login','nickname: admin has login','116.25.146.247','',''),(189,1558166283,'login','nickname: admin has login','116.25.146.247','',''),(190,1558166283,'login','nickname: admin has login','116.25.146.247','',''),(191,1558166283,'login','nickname: admin has login','116.25.146.247','',''),(192,1558166283,'login','nickname: admin has login','116.25.146.247','',''),(193,1558166283,'login','nickname: admin has login','116.25.146.247','',''),(194,1558166283,'login','nickname: admin has login','116.25.146.247','',''),(195,1558166283,'login','nickname: admin has login','116.25.146.247','',''),(196,1558166283,'login','nickname: admin has login','116.25.146.247','',''),(197,1558166283,'login','nickname: admin has login','116.25.146.247','',''),(198,1558166283,'login','nickname: admin has login','116.25.146.247','',''),(199,1558166283,'login','nickname: admin has login','116.25.146.247','',''),(200,1558166283,'login','nickname: admin has login','116.25.146.247','',''),(201,1558166283,'login','nickname: admin has login','116.25.146.247','',''),(202,1558166283,'login','nickname: admin has login','116.25.146.247','',''),(203,1558166283,'login','nickname: admin has login','116.25.146.247','',''),(204,1558166283,'login','nickname: admin has login','116.25.146.247','',''),(205,1558166283,'login','nickname: admin has login','116.25.146.247','',''),(206,1558166283,'login','nickname: admin has login','116.25.146.247','',''),(207,1558166283,'login','nickname: admin has login','116.25.146.247','',''),(208,1558166283,'login','nickname: admin has login','116.25.146.247','',''),(209,1558166283,'login','nickname: admin has login','116.25.146.247','',''),(210,1558166283,'login','nickname: admin has login','116.25.146.247','',''),(211,1558166283,'login','nickname: admin has login','116.25.146.247','',''),(212,1558166283,'login','nickname: admin has login','116.25.146.247','',''),(213,1558166283,'login','nickname: admin has login','116.25.146.247','',''),(214,1558166283,'login','nickname: admin has login','116.25.146.247','',''),(215,1558166283,'login','nickname: admin has login','116.25.146.247','',''),(216,1558166283,'login','nickname: admin has login','116.25.146.247','',''),(217,1558166283,'login','nickname: admin has login','116.25.146.247','',''),(218,1558166283,'login','nickname: admin has login','116.25.146.247','',''),(219,1558166283,'login','nickname: admin has login','116.25.146.247','',''),(220,1558166283,'login','nickname: admin has login','116.25.146.247','',''),(221,1558166283,'login','nickname: admin has login','116.25.146.247','',''),(222,1558166283,'login','nickname: admin has login','116.25.146.247','',''),(223,1558166283,'login','nickname: admin has login','116.25.146.247','',''),(224,1558166284,'login','nickname: admin has login','116.25.146.247','',''),(225,1558166284,'login','nickname: admin has login','116.25.146.247','',''),(226,1558166284,'login','nickname: admin has login','116.25.146.247','',''),(227,1558166284,'login','nickname: admin has login','116.25.146.247','',''),(228,1558166304,'login','nickname: admin has login','116.25.146.247','',''),(229,1558166307,'login','nickname: admin has login','116.25.146.247','',''),(230,1558166438,'login','nickname: admin has login','116.25.146.247','',''),(231,1558166438,'login','nickname: admin has login','116.25.146.247','',''),(232,1558166533,'login','nickname: admin has login','116.25.146.247','',''),(233,1558166533,'login','nickname: admin has login','116.25.146.247','',''),(234,1558166562,'login','nickname: admin has login','116.25.146.247','',''),(235,1558166562,'login','nickname: admin has login','116.25.146.247','',''),(236,1558166573,'login','nickname: admin has login','116.25.146.247','',''),(237,1558166583,'login','nickname: admin has login','116.25.146.247','',''),(238,1558166609,'login','nickname: admin has login','116.25.146.247','',''),(239,1558166665,'login','nickname: admin has login','116.25.146.247','',''),(240,1558166676,'login','nickname: admin has login','116.25.146.247','',''),(241,1558166678,'login','nickname: admin has login','116.25.146.247','',''),(242,1558167032,'login','nickname: admin has login','171.212.125.223','',''),(243,1558167101,'login','nickname: admin has login','116.25.146.247','',''),(244,1558167126,'login','nickname: admin has login','116.25.146.247','',''),(245,1558167440,'login','nickname: admin has login','116.25.146.247','',''),(246,1558167667,'login','nickname: admin has login','116.25.146.247','',''),(247,1558167837,'login','nickname: admin has login','183.92.251.197','',''),(248,1558168456,'login','nickname: admin has login','116.25.146.247','',''),(249,1558168470,'login','nickname: admin has login','116.25.146.247','',''),(250,1558168512,'login','nickname: admin has login','116.25.146.247','',''),(251,1558168545,'login','nickname: admin has login','116.25.146.247','',''),(252,1558168571,'login','nickname: admin has login','116.25.146.247','',''),(253,1558168631,'login','nickname: admin has login','116.25.146.247','',''),(254,1558168646,'login','nickname: admin has login','116.25.146.247','',''),(255,1558173059,'login','nickname: admin has login','117.88.47.182','',''),(256,1558178117,'login','nickname: admin has login','117.143.160.198','',''),(257,1558197677,'login','nickname: admin has login','112.96.192.144','',''),(258,1558225016,'login','nickname: admin has login','223.73.60.7','',''),(259,1558227034,'login','nickname: admin has login','183.205.17.66','',''),(260,1558232973,'login','nickname: admin has login','116.21.65.92','',''),(261,1558232988,'project','updateproject: operator:admin, id: 1, change to 123','116.21.65.92','',''),(262,1558252477,'login','nickname: admin has login','113.97.35.9','',''),(263,1558275532,'login','nickname: admin has login','223.88.189.120','',''),(264,1558321901,'login','nickname: admin has login','116.25.146.247','',''),(265,1558323525,'login','nickname: admin has login','39.186.194.45','',''),(266,1558328900,'login','nickname: admin has login','116.25.146.247','',''),(267,1558328906,'login','nickname: admin has login','116.25.146.247','',''),(268,1558328914,'login','nickname: admin has login','116.25.146.247','',''),(269,1558332479,'login','nickname: admin has login','116.25.146.247','',''),(270,1558334417,'login','nickname: admin has login','113.87.182.23','',''),(271,1558334436,'login','nickname: admin has login','113.87.182.23','',''),(272,1558334894,'login','nickname: admin has login','113.87.182.23','',''),(273,1558336630,'login','nickname: admin has login','113.87.182.23','',''),(274,1558343294,'login','nickname: admin has login','113.87.182.23','',''),(275,1558343333,'login','nickname: admin has login','113.87.182.23','',''),(276,1558344920,'login','nickname: admin has login','113.87.182.23','',''),(277,1558345045,'login','nickname: admin has login','113.87.182.23','',''),(278,1558345096,'login','nickname: admin has login','113.87.182.23','',''),(279,1558345114,'login','nickname: admin has login','113.87.182.23','',''),(280,1558345134,'login','nickname: admin has login','113.87.182.23','',''),(281,1558345230,'login','nickname: admin has login','113.87.182.23','',''),(282,1558345279,'login','nickname: admin has login','113.87.182.23','',''),(283,1558345337,'login','nickname: admin has login','113.87.182.23','',''),(284,1558364092,'login','nickname: admin has login','221.239.255.151','',''),(285,1558402104,'login','nickname: admin has login','120.28.22.186','',''),(286,1558422448,'login','nickname: admin has login','113.87.182.23','',''),(287,1558426020,'login','nickname: admin has login','113.87.182.23','',''),(288,1558426032,'login','nickname: admin has login','113.87.182.23','',''),(289,1558426059,'login','nickname: admin has login','113.87.182.23','',''),(290,1558426099,'login','nickname: admin has login','113.87.182.23','',''),(291,1558428100,'login','nickname: admin has login','113.87.182.23','',''),(292,1558430625,'login','nickname: admin has login','113.87.182.23','',''),(293,1558430742,'login','nickname: admin has login','113.87.182.23','',''),(294,1558435630,'login','nickname: admin has login','127.0.0.1','',''),(295,1558435697,'login','nickname: admin has login','127.0.0.1','',''),(296,1558435746,'login','nickname: admin has login','127.0.0.1','',''),(297,1558435922,'login','nickname: admin has login','192.168.1.33','',''),(298,1558435991,'login','nickname: admin has login','127.0.0.1','',''),(299,1558436067,'login','nickname: admin has login','192.168.1.126','',''),(300,1558436112,'login','nickname: admin has login','192.168.1.126','',''),(301,1558436191,'login','nickname: admin has login','192.168.1.126','',''),(302,1558436266,'login','nickname: admin has login','192.168.1.126','',''),(303,1558436341,'login','nickname: admin has login','192.168.1.126','',''),(304,1558436517,'login','nickname: admin has login','192.168.1.126','',''),(305,1558436615,'login','nickname: admin has login','192.168.1.126','',''),(306,1558436627,'login','nickname: admin has login','192.168.1.126','',''),(307,1558436647,'login','nickname: admin has login','192.168.1.126','',''),(308,1558489797,'login','nickname: admin has login','124.160.90.30','',''),(309,1558494502,'login','nickname: admin has login','192.168.1.126','',''),(310,1558506553,'login','nickname: admin has login','192.168.1.126','',''),(311,1558508005,'login','nickname: admin has login','192.168.1.126','',''),(312,1558509431,'login','nickname: admin has login','192.168.1.126','',''),(313,1558511267,'login','nickname: admin has login','192.168.1.126','',''),(314,1558511393,'login','nickname: admin has login','192.168.1.126','',''),(315,1558511835,'login','nickname: admin has login','192.168.1.126','',''),(316,1558512678,'login','nickname: admin has login','113.87.180.87','',''),(317,1558512681,'login','nickname: admin has login','113.87.180.87','',''),(318,1558512682,'login','nickname: admin has login','113.87.180.87','',''),(319,1558512682,'login','nickname: admin has login','113.87.180.87','',''),(320,1558512685,'login','nickname: admin has login','113.87.180.87','',''),(321,1558519193,'login','nickname: admin has login','221.192.178.187','',''),(322,1558524560,'login','nickname: admin has login','192.168.1.126','',''),(323,1558527089,'login','nickname: admin has login','222.93.167.100','',''),(324,1558579494,'login','nickname: admin has login','192.168.1.126','',''),(325,1558579979,'login','nickname: admin has login','113.87.180.87','',''),(326,1558594091,'login','nickname: admin has login','192.168.1.126','',''),(327,1558594416,'login','nickname: admin has login','113.87.180.87','',''),(328,1558594419,'login','nickname: admin has login','113.87.180.87','',''),(329,1558594419,'login','nickname: admin has login','113.87.180.87','',''),(330,1558594419,'login','nickname: admin has login','113.87.180.87','',''),(331,1558594419,'login','nickname: admin has login','113.87.180.87','',''),(332,1558594420,'login','nickname: admin has login','113.87.180.87','',''),(333,1558594420,'login','nickname: admin has login','113.87.180.87','',''),(334,1558594420,'login','nickname: admin has login','113.87.180.87','',''),(335,1558594420,'login','nickname: admin has login','113.87.180.87','',''),(336,1558594421,'login','nickname: admin has login','113.87.180.87','',''),(337,1558594426,'login','nickname: admin has login','113.87.180.87','',''),(338,1558600749,'login','nickname: admin has login','192.168.1.126','',''),(339,1558603495,'login','nickname: admin has login','113.87.180.87','',''),(340,1558608541,'login','nickname: admin has login','192.168.1.126','',''),(341,1558670499,'login','nickname: admin has login','113.87.180.87','',''),(342,1558670529,'login','nickname: admin has login','113.87.180.87','',''),(343,1558677338,'login','nickname: admin has login','192.168.1.126','',''),(344,1558679431,'login','nickname: admin has login','113.87.15.166','',''),(345,1558679433,'login','nickname: admin has login','113.87.15.166','',''),(346,1558679433,'login','nickname: admin has login','113.87.15.166','',''),(347,1558679434,'login','nickname: admin has login','113.87.15.166','',''),(348,1558679434,'login','nickname: admin has login','113.87.15.166','',''),(349,1558679434,'login','nickname: admin has login','113.87.15.166','',''),(350,1558679434,'login','nickname: admin has login','113.87.15.166','',''),(351,1558679437,'login','nickname: admin has login','113.87.15.166','',''),(352,1558685474,'login','nickname: admin has login','192.168.1.126','',''),(353,1558686008,'login','nickname: admin has login','127.0.0.1','',''),(354,1558688383,'login','nickname: admin has login','113.87.15.166','',''),(355,1558927545,'login','nickname: admin has login','192.168.1.126','',''),(356,1558940977,'login','nickname: admin has login','113.89.236.148','',''),(357,1558940998,'status','addstatus:operator:admin, id: 1, name: test','113.89.236.148','',''),(358,1558941003,'status','addstatus:operator:admin, id: 2, name: biao+','113.89.236.148','',''),(359,1558941031,'status','addstatus:operator:admin, id: 3, name: ToDoList','113.89.236.148','',''),(360,1558943153,'login','nickname: admin has login','192.168.1.126','',''),(361,1558950403,'login','nickname: admin has login','192.168.1.126','',''),(362,1559007702,'login','nickname: admin has login','113.215.181.238','',''),(363,1559007756,'version','addversion:operator:admin, id: 1, name: ','113.215.181.238','',''),(364,1559109903,'login','nickname: admin has login','192.168.1.126','',''),(365,1559110561,'login','nickname: admin has login','113.87.181.175','',''),(366,1559114292,'status','addstatus:operator:admin, id: 4, name: 嘻嘻嘻','113.87.181.175','',''),(367,1559181464,'login','nickname: admin has login','192.168.1.126','',''),(368,1559181465,'login','nickname: admin has login','192.168.1.126','',''),(369,1559200518,'login','nickname: admin has login','192.168.1.126','',''),(370,1559203277,'status','addstatus:operator:admin, id: 5, name: react','192.168.1.126','',''),(371,1559203331,'login','nickname: admin has login','113.87.12.5','',''),(372,1559283222,'login','nickname: admin has login','192.168.1.126','',''),(373,1559283222,'login','nickname: admin has login','192.168.1.126','',''),(374,1559283222,'login','nickname: admin has login','192.168.1.126','',''),(375,1559283222,'login','nickname: admin has login','192.168.1.126','',''),(376,1559283222,'login','nickname: admin has login','192.168.1.126','',''),(377,1559283247,'login','nickname: admin has login','192.168.1.126','',''),(378,1559283433,'status','addstatus:operator:admin, id: 6, name: 测试','192.168.1.126','',''),(379,1559285890,'login','nickname: admin has login','113.87.12.5','',''),(380,1559286715,'status','updatestatus: operator:admin, id: 4, change to 嘻嘻嘻1','113.87.12.5','',''),(381,1559287145,'status','updatestatus: operator:admin, id: 4, change to 哈哈哈','192.168.1.126','',''),(382,1559287218,'status','deletestatus: operator:admin, id: 4','113.87.12.5','',''),(383,1559288584,'status','deletestatus: operator:admin, id: 4','192.168.1.126','',''),(384,1559288777,'status','addstatus:operator:admin, id: 7, name: 等待删除','192.168.1.126','',''),(385,1559288781,'status','deletestatus: operator:admin, id: 7','192.168.1.126','',''),(386,1559355297,'login','nickname: admin has login','192.168.1.126','',''),(387,1559371305,'login','nickname: admin has login','1.198.215.199','',''),(388,1559372489,'login','nickname: admin has login','192.168.1.126','',''),(389,1559372548,'login','nickname: admin has login','113.89.238.81','',''),(390,1559372550,'login','nickname: admin has login','113.89.238.81','',''),(391,1559372550,'login','nickname: admin has login','113.89.238.81','',''),(392,1559372550,'login','nickname: admin has login','113.89.238.81','',''),(393,1559372551,'login','nickname: admin has login','113.89.238.81','',''),(394,1559372551,'login','nickname: admin has login','113.89.238.81','',''),(395,1559372552,'login','nickname: admin has login','113.89.238.81','',''),(396,1559372624,'statusgroup','addstatusgroup:operator:admin, id: 1, name: Saturday','113.89.238.81','',''),(397,1559444331,'login','nickname: admin has login','118.247.112.197','',''),(398,1559532523,'login','nickname: admin has login','113.87.15.36','',''),(399,1559546154,'login','nickname: admin has login','113.87.15.36','',''),(400,1559613229,'login','nickname: admin has login','113.118.186.89','',''),(401,1560154124,'login','nickname: admin has login','101.64.140.84','',''),(402,1560327391,'login','nickname: admin has login','58.215.108.75','',''),(403,1560352639,'login','nickname: admin has login','58.101.88.139','',''),(404,1560424818,'login','nickname: admin has login','116.231.95.170','',''),(405,1560429695,'login','nickname: admin has login','113.87.183.87','',''),(406,1560429724,'level','addlevel:operator:admin, id: 1, name: 1','113.87.183.87','',''),(407,1560429728,'level','addlevel:operator:admin, id: 2, name: 2','113.87.183.87','',''),(408,1560862127,'login','nickname: admin has login','113.97.34.15','',''),(409,1561010706,'login','nickname: admin has login','120.198.47.70','',''),(410,1561032561,'login','nickname: admin has login','183.159.193.207','',''),(411,1561032597,'status','deletestatus: operator:admin, id: 1','183.159.193.207','',''),(412,1561032834,'header','addheader:operator:admin, id: 2, name: ','183.159.193.207','',''),(413,1561072087,'login','nickname: admin has login','171.43.249.118','',''),(414,1561191605,'login','nickname: admin has login','113.97.35.156','',''),(415,1561218262,'login','nickname: admin has login','127.0.0.1','',''),(416,1561222687,'login','nickname: admin has login','127.0.0.1','',''),(417,1561223032,'login','nickname: admin has login','127.0.0.1','',''),(418,1561224272,'login','nickname: admin has login','127.0.0.1','',''),(419,1561272506,'login','nickname: admin has login','113.97.35.156','',''),(420,1561286868,'login','nickname: admin has login','113.97.35.156','',''),(421,1561287706,'login','nickname: admin has login','172.17.0.1','',''),(422,1561352066,'login','nickname: admin has login','116.25.146.203','',''),(423,1561446749,'login','nickname: admin has login','113.87.183.128','',''),(424,1561446792,'version','addversion:operator:admin, id: 2, name: v1.2','113.87.183.128','',''),(425,1561446797,'version','deleteversion: operator:admin, id: 1','113.87.183.128','',''),(426,1561448000,'login','nickname: admin has login','211.171.245.213','',''),(427,1561448006,'login','nickname: admin has login','211.171.245.213','',''),(428,1561972777,'login','nickname: admin has login','119.39.130.171','',''),(429,1562147855,'login','nickname: admin has login','120.236.160.152','',''),(430,1562206080,'login','nickname: admin has login','112.208.248.104','',''),(431,1562206104,'login','nickname: admin has login','112.208.248.104','',''),(432,1562206106,'login','nickname: admin has login','112.208.248.104','',''),(433,1562206234,'login','nickname: admin has login','112.208.248.104','',''),(434,1562206289,'login','nickname: admin has login','120.236.160.152','',''),(435,1562227329,'login','nickname: admin has login','120.236.160.152','',''),(436,1562227331,'login','nickname: admin has login','120.236.160.152','',''),(437,1562227332,'login','nickname: admin has login','120.236.160.152','',''),(438,1562227332,'login','nickname: admin has login','120.236.160.152','',''),(439,1562227332,'login','nickname: admin has login','120.236.160.152','',''),(440,1562227332,'login','nickname: admin has login','120.236.160.152','',''),(441,1562227333,'login','nickname: admin has login','120.236.160.152','',''),(442,1562227333,'login','nickname: admin has login','120.236.160.152','',''),(443,1562227345,'login','nickname: admin has login','120.236.160.152','',''),(444,1562350781,'login','nickname: admin has login','121.127.226.158','',''),(445,1562350782,'login','nickname: admin has login','121.127.226.158','',''),(446,1562807269,'login','nickname: admin has login','123.160.225.189','',''),(447,1562979802,'login','nickname: admin has login','113.97.33.1','',''),(448,1563244365,'login','nickname: admin has login','180.136.144.155','',''),(449,1563244388,'rolegroup','addrolegroup:operator:admin, id: 1, name: cess','180.136.144.155','',''),(450,1563244402,'rolegroup','addrolegroup:operator:admin, id: 2, name: cewww','180.136.144.155','',''),(451,1563244418,'usergroup','addusergroup:operator:admin, id: 1, name: cew','180.136.144.155','',''),(452,1563244539,'rolegroup','updaterolegroup: operator:admin, id: 1, change to cess','180.136.144.155','',''),(453,1563244548,'rolegroup','updaterolegroup: operator:admin, id: 1, change to cess','180.136.144.155','',''),(454,1563245499,'rolegroup','deleterolegroup: operator:admin, id: 2','180.136.144.155','',''),(455,1563255763,'login','nickname: admin has login','180.136.144.155','',''),(456,1563255769,'login','nickname: admin has login','180.136.144.155','',''),(457,1563255779,'login','nickname: admin has login','180.136.144.155','',''),(458,1563412383,'login','nickname: admin has login','144.48.211.43','',''),(459,1563418349,'login','nickname: admin has login','111.201.60.143','',''),(460,1563435934,'login','nickname: admin has login','180.168.109.226','',''),(461,1563458115,'login','nickname: admin has login','111.162.116.76','',''),(462,1563858835,'login','nickname: admin has login','49.87.60.159','',''),(463,1564069951,'login','nickname: admin has login','110.80.164.69','',''),(464,1564122938,'login','nickname: admin has login','112.17.240.122','',''),(465,1564392072,'login','nickname: admin has login','210.108.146.8','',''),(466,1564501221,'login','nickname: admin has login','180.102.145.23','',''),(467,1564539739,'login','nickname: admin has login','43.226.16.199','',''),(468,1564627519,'login','nickname: admin has login','61.164.47.201','',''),(469,1564639793,'login','nickname: admin has login','117.186.225.182','',''),(470,1564749061,'login','nickname: admin has login','117.30.209.109','',''),(471,1564759962,'login','nickname: admin has login','117.30.209.109','',''),(472,1564800797,'login','nickname: admin has login','117.31.212.36','',''),(473,1565224611,'login','nickname: admin has login','219.159.73.73','',''),(474,1565234888,'login','nickname: admin has login','111.193.120.253','',''),(475,1565252455,'login','nickname: admin has login','171.120.89.194','',''),(476,1565338265,'login','nickname: admin has login','114.251.146.133','',''),(477,1565570215,'login','nickname: admin has login','180.109.182.88','',''),(478,1565939482,'login','nickname: admin has login','182.150.40.59','',''),(479,1566186037,'login','nickname: admin has login','112.224.70.235','',''),(480,1566265556,'login','nickname: admin has login','110.185.174.60','',''),(481,1566271857,'login','nickname: admin has login','120.202.28.53','',''),(482,1567059780,'login','nickname: admin has login','175.11.208.63','',''),(483,1567586344,'login','nickname: admin has login','119.61.21.147','',''),(484,1568031583,'login','nickname: admin has login','59.52.215.38','',''),(485,1568096960,'login','nickname: admin has login','111.121.117.61','',''),(486,1568104747,'login','nickname: admin has login','124.64.17.104','',''),(487,1568104898,'login','nickname: admin has login','36.7.84.10','',''),(488,1568104985,'login','nickname: admin has login','36.7.84.10','',''),(489,1568105168,'login','nickname: admin has login','124.64.17.104','',''),(490,1568249400,'login','nickname: admin has login','202.96.98.106','',''),(491,1568700928,'login','nickname: admin has login','124.160.89.162','',''),(492,1568785734,'login','nickname: admin has login','113.235.117.214','',''),(493,1568785870,'important','addimportant:operator:admin, id: 1, name: 一般','113.235.117.214','',''),(494,1568785930,'env','addenv:operator:admin, id: 1, name: 1212','113.235.117.214','',''),(495,1568879583,'login','nickname: admin has login','14.131.250.25','',''),(496,1569120686,'login','nickname: admin has login','120.234.130.205','',''),(497,1569215372,'login','nickname: admin has login','113.97.33.88','',''),(498,1569224352,'login','nickname: admin has login','113.97.33.88','',''),(499,1569240758,'login','nickname: admin has login','113.97.33.88','',''),(500,1569240760,'login','nickname: admin has login','113.97.33.88','',''),(501,1569240764,'login','nickname: admin has login','113.97.33.88','',''),(502,1569240776,'login','nickname: admin has login','113.97.33.88','',''),(503,1569240788,'login','nickname: admin has login','113.97.33.88','',''),(504,1569240793,'login','nickname: admin has login','113.97.33.88','',''),(505,1569254057,'login','nickname: admin has login','113.97.33.88','',''),(506,1569310143,'login','nickname: admin has login','112.30.41.87','',''),(507,1569376102,'login','nickname: admin has login','115.204.143.21','',''),(508,1569376104,'login','nickname: admin has login','115.204.143.21','',''),(509,1569380325,'login','nickname: admin has login','210.42.32.4','',''),(510,1569402670,'login','nickname: admin has login','113.97.35.21','',''),(511,1569496098,'login','nickname: admin has login','223.11.9.243','',''),(512,1569508196,'login','nickname: admin has login','113.97.35.21','',''),(513,1569721729,'login','nickname: admin has login','112.112.102.51','',''),(514,1569825384,'login','nickname: admin has login','183.12.239.252','',''),(515,1570067343,'login','nickname: admin has login','171.112.1.81','',''),(516,1570602353,'login','nickname: admin has login','115.175.68.31','',''),(517,1570602354,'login','nickname: admin has login','115.175.68.31','',''),(518,1570773678,'login','nickname: admin has login','58.246.229.238','',''),(519,1570892119,'login','nickname: admin has login','218.255.253.21','',''),(520,1571030196,'login','nickname: admin has login','124.93.196.25','',''),(521,1571030197,'login','nickname: admin has login','124.93.196.25','',''),(522,1571030198,'login','nickname: admin has login','124.93.196.25','',''),(523,1571030253,'login','nickname: admin has login','223.100.134.46','',''),(524,1571104999,'login','nickname: admin has login','119.61.21.147','',''),(525,1571119563,'login','nickname: admin has login','113.97.33.101','',''),(526,1571119695,'position','addposition:operator:admin, id: 1, name: python开发','113.97.33.101','',''),(527,1571119715,'position','addposition:operator:admin, id: 2, name: 开发经理','113.97.33.101','',''),(528,1571207900,'login','nickname: admin has login','182.50.124.85','',''),(529,1571239364,'login','nickname: admin has login','113.97.32.97','',''),(530,1571569868,'login','nickname: admin has login','113.97.33.58','',''),(531,1571591179,'login','nickname: admin has login','58.35.54.88','',''),(532,1571727345,'login','nickname: admin has login','127.0.0.1','',''),(533,1571727491,'login','nickname: admin has login','127.0.0.1','',''),(534,1571727496,'login','nickname: admin has login','127.0.0.1','',''),(535,1571727746,'login','nickname: admin has login','127.0.0.1','',''),(536,1571727917,'login','nickname: admin has login','127.0.0.1','',''),(537,1571728018,'login','nickname: admin has login','127.0.0.1','',''),(538,1571728022,'login','nickname: admin has login','127.0.0.1','',''),(539,1571728025,'login','nickname: admin has login','127.0.0.1','',''),(540,1571728028,'login','nickname: admin has login','127.0.0.1','',''),(541,1571728030,'login','nickname: admin has login','127.0.0.1','',''),(542,1571732442,'login','nickname: admin has login','127.0.0.1','',''),(543,1571732457,'login','nickname: admin has login','127.0.0.1','',''),(544,1571732633,'login','nickname: admin has login','127.0.0.1','',''),(545,1571732634,'login','nickname: admin has login','127.0.0.1','',''),(546,1571732639,'login','nickname: admin has login','127.0.0.1','',''),(547,1571732647,'login','nickname: admin has login','127.0.0.1','',''),(548,1571732652,'login','nickname: admin has login','127.0.0.1','',''),(549,1571732711,'login','nickname: admin has login','127.0.0.1','',''),(550,1571732792,'login','nickname: admin has login','127.0.0.1','',''),(551,1571732798,'login','nickname: admin has login','127.0.0.1','',''),(552,1571732803,'login','nickname: admin has login','127.0.0.1','',''),(553,1571732835,'login','nickname: admin has login','127.0.0.1','',''),(554,1571732836,'login','nickname: admin has login','127.0.0.1','',''),(555,1571732874,'login','nickname: admin has login','127.0.0.1','',''),(556,1571733175,'login','nickname: admin has login','127.0.0.1','',''),(557,1571733269,'login','nickname: admin has login','127.0.0.1','',''),(558,1571733293,'login','nickname: admin has login','127.0.0.1','',''),(559,1571733365,'login','nickname: admin has login','127.0.0.1','',''),(560,1571733381,'login','nickname: admin has login','127.0.0.1','',''),(561,1571733415,'login','nickname: admin has login','127.0.0.1','',''),(562,1571733490,'login','nickname: admin has login','127.0.0.1','',''),(563,1571734371,'login','nickname: admin has login','127.0.0.1','',''),(564,1571734400,'login','nickname: admin has login','127.0.0.1','',''),(565,1571734469,'login','nickname: admin has login','127.0.0.1','',''),(566,1571734495,'login','nickname: admin has login','127.0.0.1','',''),(567,1571734663,'login','nickname: admin has login','127.0.0.1','',''),(568,1571734693,'login','nickname: admin has login','127.0.0.1','',''),(569,1571734905,'login','nickname: admin has login','127.0.0.1','',''),(570,1571734923,'login','nickname: admin has login','127.0.0.1','',''),(571,1571735034,'login','nickname: admin has login','127.0.0.1','',''),(572,1571887003,'login','nickname: admin has login','114.244.130.117','',''),(573,1571930349,'login','nickname: admin has login','113.97.33.177','',''),(574,1571992563,'login','nickname: admin has login','183.28.31.197','',''),(575,1572234771,'login','nickname: admin has login','120.198.22.24','',''),(576,1572239933,'login','nickname: admin has login','218.17.157.251','',''),(577,1572671271,'login','nickname: admin has login','219.138.75.72','',''),(578,1572671502,'login','nickname: admin has login','219.138.75.72','',''),(579,1572875707,'login','nickname: admin has login','47.75.132.136','',''),(580,1572928192,'login','nickname: admin has login','61.241.197.27','',''),(581,1573016778,'login','nickname: admin has login','58.34.170.217','',''),(582,1573349550,'login','nickname: admin has login','45.120.156.156','',''),(583,1573363280,'login','nickname: admin has login','120.230.131.86','',''),(584,1573375680,'login','nickname: admin has login','110.184.161.132','',''),(585,1573473508,'login','nickname: admin has login','171.217.4.111','',''),(586,1574149728,'login','nickname: admin has login','172.19.0.1','',''),(587,1574149763,'project','addproject:operator:admin, id: 2, name: aaa','172.19.0.1','',''),(588,1575181484,'login','nickname: admin has login','127.0.0.1','',''),(589,1575181502,'login','nickname: admin has login','127.0.0.1','',''),(590,1575181583,'login','nickname: admin has login','127.0.0.1','',''),(591,1575181608,'login','nickname: admin has login','127.0.0.1','',''),(592,1575181669,'login','nickname: admin has login','127.0.0.1','',''),(593,1575181710,'login','nickname: admin has login','127.0.0.1','',''),(594,1575182073,'login','nickname: admin has login','127.0.0.1','',''),(595,1575271394,'login','nickname: admin has login','123.147.250.168','',''),(596,1575557910,'login','nickname: admin has login','127.0.0.1','',''),(597,1575557996,'bug','addbug:operator:admin, id: 1, name: asdfasdf','127.0.0.1','',''),(598,1575558387,'login','nickname: admin has login','127.0.0.1','',''),(599,1575597249,'login','nickname: admin has login','127.0.0.1','',''),(600,1575599126,'status','addstatus:operator:admin, id: 7, name: need','127.0.0.1','',''),(601,1575599437,'bug','addbug:operator:admin, id: 2, name: sdfsdf','127.0.0.1','',''),(602,1575599898,'bug','updatebug: operator:admin, id: 0, change to admin','127.0.0.1','',''),(603,1575601678,'login','nickname: admin has login','127.0.0.1','',''),(604,1575639310,'login','nickname: admin has login','127.0.0.1','',''),(605,1575639892,'rolegroup','addrolegroup:operator:admin, id: 2, name: meg','127.0.0.1','',''),(606,1575639905,'rolegroup','deleterolegroup: operator:admin, id: 2','127.0.0.1','',''),(607,1575902121,'login','nickname: admin has login','127.0.0.1','',''),(608,1575902621,'login','nickname: admin has login','127.0.0.1','',''),(609,1576398859,'login','nickname: admin has login','127.0.0.1','',''),(610,1576398878,'status','deletestatus: operator:admin, id: 2','127.0.0.1','',''),(611,1576836435,'login','nickname: admin has login','183.51.72.124','',''),(612,1576842875,'login','nickname: admin has login','112.96.115.128','',''),(613,1576851552,'login','nickname: admin has login','127.0.0.1','',''),(614,1576857808,'login','nickname: admin has login','127.0.0.1','',''),(615,1576858481,'login','nickname: admin has login','113.97.33.65','',''),(616,1576858491,'login','nickname: admin has login','113.97.33.65','',''),(617,1576860958,'login','nickname: admin has login','113.67.167.65','',''),(618,1576883329,'login','nickname: admin has login','113.66.250.158','',''),(619,1576883850,'status','updatestatus: operator:1, id: admin, change to need','113.66.250.158','',''),(620,1576883851,'status','updatestatus: operator:2, id: admin, change to need','113.66.250.158','',''),(621,1576884020,'login','nickname: admin has login','106.114.69.220','',''),(622,1576895661,'login','nickname: admin has login','113.97.33.65','',''),(623,1576898035,'login','nickname: admin has login','183.3.227.100','',''),(624,1576898793,'login','nickname: admin has login','222.86.28.173','',''),(625,1576898794,'login','nickname: admin has login','222.86.28.173','',''),(626,1576898795,'login','nickname: admin has login','222.86.28.173','',''),(627,1576898795,'login','nickname: admin has login','222.86.28.173','',''),(628,1576925700,'login','nickname: admin has login','119.164.147.67','',''),(629,1576925702,'login','nickname: admin has login','119.164.147.67','',''),(630,1577026060,'login','nickname: admin has login','113.97.33.63','',''),(631,1577026341,'login','nickname: admin has login','127.0.0.1','',''),(632,1577026675,'api','addapi:operator:admin, id: 5, name: test','127.0.0.1','',''),(633,1577164180,'login','nickname: admin has login','211.70.208.104','',''),(634,1577235286,'login','nickname: admin has login','111.227.182.176','',''),(635,1577331864,'login','nickname: admin has login','49.78.198.74','',''),(636,1577437514,'login','nickname: admin has login','218.75.221.240','',''),(637,1577439944,'login','nickname: admin has login','114.118.30.35','',''),(638,1577461179,'login','nickname: admin has login','127.0.0.1','',''),(639,1577775889,'login','nickname: admin has login','222.85.144.70','',''),(640,1577957308,'login','nickname: admin has login','61.141.236.2','',''),(641,1578016359,'version','addversion:operator:admin, id: 3, name: ','61.141.236.2','',''),(642,1578016700,'bug','addbug:operator:1, id: admin, name: [admin]','61.141.236.2','',''),(643,1578553550,'login','nickname: admin has login','43.228.36.146','',''),(644,1578586417,'login','nickname: admin has login','115.171.135.198','',''),(645,1578622897,'login','nickname: admin has login','161.117.2.162','',''),(646,1578623321,'login','nickname: admin has login','119.123.198.142','',''),(647,1578624633,'login','nickname: admin has login','161.117.2.162','',''),(648,1578653151,'login','nickname: admin has login','218.30.116.9','',''),(649,1578653308,'login','nickname: admin has login','218.30.116.9','',''),(650,1578728653,'login','nickname: admin has login','192.168.50.227','',''),(651,1578883318,'login','nickname: admin has login','192.168.234.1','',''),(652,1578886867,'login','nickname: admin has login','161.117.2.162','',''),(653,1578984449,'login','nickname: admin has login','125.70.177.89','',''),(654,1578984451,'login','nickname: admin has login','125.70.177.89','',''),(655,1578984452,'login','nickname: admin has login','125.70.177.89','',''),(656,1578984452,'login','nickname: admin has login','125.70.177.89','',''),(657,1579246818,'login','nickname: admin has login','116.3.205.159','',''),(658,1579674744,'login','nickname: admin has login','125.82.189.186','',''),(659,1579814139,'login','nickname: admin has login','101.86.7.133','',''),(660,1580378568,'login','nickname: admin has login','110.52.131.59','',''),(661,1580806455,'login','nickname: admin has login','223.104.36.150','',''),(662,1581295160,'login','nickname: admin has login','120.35.103.199','',''),(663,1581476737,'login','nickname: admin has login','116.162.3.224','',''),(664,1581564875,'login','nickname: admin has login','61.28.24.55','',''),(665,1581608483,'login','nickname: admin has login','58.22.113.25','',''),(666,1581987460,'login','nickname: admin has login','171.35.154.91','',''),(667,1581987467,'login','nickname: admin has login','171.35.154.91','',''),(668,1581999084,'login','nickname: admin has login','127.0.0.1','',''),(669,1581999572,'login','nickname: admin has login','161.117.2.162','',''),(670,1582019367,'login','nickname: admin has login','183.17.235.161','',''),(671,1582020005,'login','nickname: admin has login','14.153.77.99','',''),(672,1582020033,'login','nickname: admin has login','117.136.39.102','',''),(673,1582595834,'login','nickname: admin has login','218.17.27.207','',''),(674,1582603639,'login','nickname: admin has login','218.17.27.207','',''),(675,1582603639,'login','nickname: admin has login','218.17.27.207','',''),(676,1582603640,'login','nickname: admin has login','218.17.27.207','',''),(677,1582686066,'login','nickname: admin has login','61.133.98.166','',''),(678,1582771892,'login','nickname: admin has login','180.217.86.189','',''),(679,1582873684,'login','nickname: admin has login','171.113.164.243','',''),(680,1582873685,'login','nickname: admin has login','171.113.164.243','',''),(681,1582873685,'login','nickname: admin has login','171.113.164.243','',''),(682,1582873686,'login','nickname: admin has login','171.113.164.243','',''),(683,1582873687,'login','nickname: admin has login','171.113.164.243','',''),(684,1582873687,'login','nickname: admin has login','171.113.164.243','',''),(685,1582873687,'login','nickname: admin has login','171.113.164.243','',''),(686,1582873687,'login','nickname: admin has login','171.113.164.243','',''),(687,1582893068,'login','nickname: admin has login','111.198.230.89','',''),(688,1583025234,'login','nickname: admin has login','119.181.137.208','',''),(689,1583135877,'login','nickname: admin has login','114.84.142.156','',''),(690,1583214400,'login','nickname: admin has login','180.102.120.132','',''),(691,1583285604,'login','nickname: admin has login','60.169.46.25','',''),(692,1583311140,'login','nickname: admin has login','218.30.116.10','',''),(693,1583367220,'login','nickname: admin has login','119.181.136.247','',''),(694,1583561600,'login','nickname: admin has login','60.169.46.25','',''),(695,1583656399,'login','nickname: admin has login','122.97.199.175','',''),(696,1583819477,'login','nickname: admin has login','36.7.107.15','',''),(697,1583829583,'login','nickname: admin has login','218.17.27.207','',''),(698,1583829585,'login','nickname: admin has login','218.17.27.207','',''),(699,1583829586,'login','nickname: admin has login','218.17.27.207','',''),(700,1583980538,'login','nickname: admin has login','202.127.26.148','',''),(701,1584067375,'login','nickname: admin has login','60.216.218.175','',''),(702,1584081672,'login','nickname: admin has login','218.30.116.4','',''),(703,1584249641,'login','nickname: admin has login','180.162.3.182','',''),(704,1584348425,'login','nickname: admin has login','218.17.27.207','',''),(705,1584348434,'login','nickname: admin has login','218.17.27.207','',''),(706,1584354326,'login','nickname: admin has login','114.118.30.39','',''),(707,1584535991,'login','nickname: admin has login','222.182.192.83','',''),(708,1584717488,'login','nickname: admin has login','114.222.121.148','',''),(709,1585280700,'login','nickname: admin has login','183.92.250.141','',''),(710,1585377098,'login','nickname: admin has login','120.192.33.236','',''),(711,1585530841,'login','nickname: admin has login','218.17.27.207','',''),(712,1585567593,'login','nickname: admin has login','112.97.54.141','',''),(713,1585567620,'login','nickname: admin has login','112.97.54.141','',''),(714,1585571207,'login','nickname: admin has login','112.97.54.141','',''),(715,1585573656,'login','nickname: admin has login','112.97.54.141','',''),(716,1585623407,'login','nickname: admin has login','175.8.89.131','',''),(717,1586343971,'login','nickname: admin has login','218.17.27.207','',''),(718,1586346047,'bug','deletebug: operator:1, id: admin','218.17.27.207','',''),(719,1586346067,'bug','deletebug: operator:2, id: admin','218.17.27.207','',''),(720,1586348306,'login','nickname: admin has login','218.17.27.207','',''),(721,1586376766,'login','nickname: admin has login','120.235.52.118','',''),(722,1586396266,'login','nickname: admin has login','218.17.27.207','',''),(723,1586413801,'login','nickname: admin has login','115.236.119.147','',''),(724,1586744756,'login','nickname: admin has login','218.17.27.207','',''),(725,1586744760,'login','nickname: admin has login','218.17.27.207','',''),(726,1586744765,'login','nickname: admin has login','218.17.27.207','',''),(727,1586744772,'login','nickname: admin has login','218.17.27.207','',''),(728,1586744777,'login','nickname: admin has login','218.17.27.207','',''),(729,1586744781,'login','nickname: admin has login','218.17.27.207','',''),(730,1586744797,'login','nickname: admin has login','218.17.27.207','',''),(731,1586847924,'login','nickname: admin has login','218.17.27.207','',''),(732,1586847929,'login','nickname: admin has login','218.17.27.207','',''),(733,1586856411,'login','nickname: admin has login','183.211.108.112','',''),(734,1586856413,'login','nickname: admin has login','183.211.108.112','',''),(735,1586939886,'login','nickname: admin has login','218.17.27.207','',''),(736,1586962404,'login','nickname: admin has login','114.241.64.201','',''),(737,1587052891,'login','nickname: admin has login','180.102.121.14','',''),(738,1587100782,'login','nickname: admin has login','113.66.229.155','',''),(739,1587364242,'login','nickname: admin has login','121.232.12.193','',''),(740,1587364242,'login','nickname: admin has login','121.232.12.193','',''),(741,1587381697,'login','nickname: admin has login','218.17.27.207','',''),(742,1587381704,'login','nickname: admin has login','218.17.27.207','',''),(743,1587476983,'login','nickname: admin has login','113.97.35.156','',''),(744,1587477215,'login','nickname: admin has login','124.160.213.204','',''),(745,1587477271,'login','nickname: admin has login','222.209.116.201','',''),(746,1587477276,'login','nickname: admin has login','222.209.116.201','',''),(747,1587477279,'login','nickname: admin has login','111.18.92.127','',''),(748,1587477280,'login','nickname: admin has login','111.18.92.127','',''),(749,1587477280,'login','nickname: admin has login','111.18.92.127','',''),(750,1587477281,'login','nickname: admin has login','111.18.92.127','',''),(751,1587477281,'login','nickname: admin has login','111.18.92.127','',''),(752,1587477281,'login','nickname: admin has login','111.18.92.127','',''),(753,1587477390,'login','nickname: admin has login','117.136.79.117','',''),(754,1587477492,'login','nickname: admin has login','112.87.208.122','',''),(755,1587477524,'login','nickname: admin has login','112.87.208.122','',''),(756,1587478943,'login','nickname: admin has login','183.229.38.193','',''),(757,1587479587,'login','nickname: admin has login','106.122.218.179','',''),(758,1587479794,'login','nickname: admin has login','223.104.9.173','',''),(759,1587480165,'login','nickname: admin has login','106.39.189.172','',''),(760,1587504121,'login','nickname: admin has login','111.18.92.127','',''),(761,1587518062,'login','nickname: admin has login','183.230.255.3','',''),(762,1587519792,'login','nickname: admin has login','120.234.40.30','',''),(763,1587526745,'login','nickname: admin has login','222.212.131.21','',''),(764,1587531020,'login','nickname: admin has login','222.212.131.21','',''),(765,1587531288,'login','nickname: admin has login','222.212.131.21','',''),(766,1587531310,'login','nickname: admin has login','222.212.131.21','',''),(767,1587543425,'login','nickname: admin has login','222.212.131.21','',''),(768,1587543548,'login','nickname: admin has login','222.212.131.21','',''),(769,1587545518,'login','nickname: admin has login','222.212.131.21','',''),(770,1587546369,'login','nickname: admin has login','222.212.131.21','',''),(771,1587546391,'login','nickname: admin has login','222.212.131.21','',''),(772,1587546432,'login','nickname: admin has login','222.212.131.21','',''),(773,1587546893,'login','nickname: admin has login','222.212.131.21','',''),(774,1587546912,'login','nickname: admin has login','222.212.131.21','',''),(775,1587547048,'login','nickname: admin has login','222.212.131.21','',''),(776,1587547137,'login','nickname: admin has login','222.212.131.21','',''),(777,1587547160,'login','nickname: admin has login','222.212.131.21','',''),(778,1587547288,'login','nickname: admin has login','222.212.131.21','',''),(779,1587547361,'login','nickname: admin has login','222.212.131.21','',''),(780,1587547373,'login','nickname: admin has login','222.212.131.21','',''),(781,1587547391,'login','nickname: admin has login','222.212.131.21','',''),(782,1587547491,'login','nickname: admin has login','222.212.131.21','',''),(783,1587547624,'login','nickname: admin has login','222.212.131.21','',''),(784,1587547664,'login','nickname: admin has login','222.212.131.21','',''),(785,1587547690,'login','nickname: admin has login','222.212.131.21','',''),(786,1587547713,'login','nickname: admin has login','222.212.131.21','',''),(787,1587547802,'login','nickname: admin has login','222.212.131.21','',''),(788,1587547814,'login','nickname: admin has login','222.212.131.21','',''),(789,1587547819,'login','nickname: admin has login','222.212.131.21','',''),(790,1587547930,'login','nickname: admin has login','222.212.131.21','',''),(791,1587548027,'login','nickname: admin has login','222.212.131.21','',''),(792,1587548071,'login','nickname: admin has login','222.212.131.21','',''),(793,1587548091,'login','nickname: admin has login','222.212.131.21','',''),(794,1587548130,'login','nickname: admin has login','222.212.131.21','',''),(795,1587548138,'login','nickname: admin has login','222.212.131.21','',''),(796,1587548185,'login','nickname: admin has login','222.212.131.21','',''),(797,1587548238,'login','nickname: admin has login','222.212.131.21','',''),(798,1587548444,'login','nickname: admin has login','222.212.131.21','',''),(799,1587548539,'login','nickname: admin has login','222.212.131.21','',''),(800,1587548558,'login','nickname: admin has login','222.212.131.21','',''),(801,1587548786,'login','nickname: admin has login','222.212.131.21','',''),(802,1587548809,'login','nickname: admin has login','222.212.131.21','',''),(803,1587548810,'login','nickname: admin has login','222.212.131.21','',''),(804,1587548811,'login','nickname: admin has login','222.212.131.21','',''),(805,1587548812,'login','nickname: admin has login','222.212.131.21','',''),(806,1587548823,'login','nickname: admin has login','222.212.131.21','',''),(807,1587548824,'login','nickname: admin has login','222.212.131.21','',''),(808,1587548825,'login','nickname: admin has login','222.212.131.21','',''),(809,1587548825,'login','nickname: admin has login','222.212.131.21','',''),(810,1587548825,'login','nickname: admin has login','222.212.131.21','',''),(811,1587548825,'login','nickname: admin has login','222.212.131.21','',''),(812,1587548826,'login','nickname: admin has login','222.212.131.21','',''),(813,1587548826,'login','nickname: admin has login','222.212.131.21','',''),(814,1587548827,'login','nickname: admin has login','222.212.131.21','',''),(815,1587548828,'login','nickname: admin has login','222.212.131.21','',''),(816,1587548832,'login','nickname: admin has login','222.212.131.21','',''),(817,1587548853,'login','nickname: admin has login','222.212.131.21','',''),(818,1587548872,'login','nickname: admin has login','222.212.131.21','',''),(819,1587548876,'login','nickname: admin has login','222.212.131.21','',''),(820,1587548885,'login','nickname: admin has login','222.212.131.21','',''),(821,1587548886,'login','nickname: admin has login','222.212.131.21','',''),(822,1587548886,'login','nickname: admin has login','222.212.131.21','',''),(823,1587548886,'login','nickname: admin has login','222.212.131.21','',''),(824,1587548899,'login','nickname: admin has login','222.212.131.21','',''),(825,1587548903,'login','nickname: admin has login','222.212.131.21','',''),(826,1587548912,'login','nickname: admin has login','222.212.131.21','',''),(827,1587548924,'login','nickname: admin has login','222.212.131.21','',''),(828,1587549019,'login','nickname: admin has login','222.212.131.21','',''),(829,1587549044,'login','nickname: admin has login','222.212.131.21','',''),(830,1587549081,'login','nickname: admin has login','222.212.131.21','',''),(831,1587549104,'login','nickname: admin has login','222.212.131.21','',''),(832,1587549175,'login','nickname: admin has login','222.212.131.21','',''),(833,1587550171,'login','nickname: admin has login','222.212.131.21','',''),(834,1587551390,'login','nickname: admin has login','222.212.131.21','',''),(835,1587568789,'login','nickname: admin has login','113.47.28.247','',''),(836,1587574336,'login','nickname: admin has login','113.97.33.220','',''),(837,1587617005,'login','nickname: admin has login','180.169.182.130','',''),(838,1587623276,'login','nickname: admin has login','101.95.134.138','',''),(839,1587659664,'login','nickname: admin has login','113.16.60.72','',''),(840,1587663656,'login','nickname: admin has login','180.137.100.193','',''),(841,1587663658,'login','nickname: admin has login','180.137.100.193','',''),(842,1587882244,'login','nickname: admin has login','113.111.172.186','',''),(843,1587887196,'login','nickname: admin has login','123.160.238.193','',''),(844,1587897457,'login','nickname: admin has login','161.117.41.76','',''),(845,1587907722,'login','nickname: admin has login','161.117.41.76','',''),(846,1587914167,'login','nickname: admin has login','127.0.0.1','',''),(847,1587914694,'login','nickname: admin has login','127.0.0.1','',''),(848,1587915857,'login','nickname: admin has login','127.0.0.1','',''),(849,1587915976,'login','nickname: admin has login','161.117.41.76','',''),(850,1587916003,'login','nickname: admin has login','161.117.41.76','',''),(851,1587918599,'login','nickname: admin has login','161.117.41.76','',''),(852,1587972031,'login','nickname: admin has login','222.212.131.21','',''),(853,1587973256,'login','nickname: admin has login','218.17.27.207','',''),(854,1587981314,'nickname: %s has login','admin','161.117.41.76','admin','login'),(855,1587981536,'nickname: %s has login','admin','222.212.131.21','admin','login'),(856,1587981748,'nickname: %s has login','admin','115.171.199.182','admin','login'),(857,1588039903,'nickname: %s has login','admin','218.17.27.207','admin','login'),(858,1588039987,'nickname: %s has login','admin','218.17.27.207','admin','update'),(859,1588043731,'nickname: %s has login','admin','163.142.99.61','admin','login'),(860,1588126110,'nickname: %s has login','admin','218.17.27.207','admin','login'),(861,1588129509,'nickname: %s has login','admin','222.212.248.43','admin','login'),(862,1588135270,'nickname: %s has login','admin','121.33.112.109','admin','login'),(863,1588140768,'nickname: %s has login','admin','218.17.27.207','admin','login'),(864,1588214198,'nickname: %s has login','admin','161.117.41.76','admin','login'),(865,1588215053,'nickname: %s has login','admin','222.212.248.43','admin','login'),(866,1588215118,'nickname: %s has login','admin','222.212.248.43','admin','add'),(867,1588215121,'nickname: %s has login','admin','222.212.248.43','admin','delete'),(868,1588232682,'nickname: %s has login','admin','222.212.248.43','admin','login'),(869,1588233125,'nickname: %s has login','admin','222.212.248.43','admin','login'),(870,1588234216,'nickname: %s has login','admin','222.212.248.43','admin','update'),(871,1588234330,'nickname: %s has login','admin','222.212.248.43','admin','update'),(872,1588234353,'nickname: %s has login','admin','222.212.248.43','admin','update'),(873,1588234418,'nickname: %s has login','admin','222.212.248.43','admin','update'),(874,1588234441,'nickname: %s has login','admin','222.212.248.43','admin','update'),(875,1588234515,'nickname: %s has login','admin','222.212.248.43','admin','update'),(876,1588234639,'nickname: %s has login','admin','222.212.248.43','admin','update'),(877,1588234689,'nickname: %s has login','admin','222.212.248.43','admin','update'),(878,1588234780,'nickname: %s has login','admin','222.212.248.43','admin','update'),(879,1588235698,'nickname: %s has login','admin','222.212.248.43','admin','update'),(880,1588235904,'nickname: %s has login','admin','222.212.248.43','admin','update'),(881,1588240702,'nickname: %s has login','admin','222.212.248.43','admin','login'),(882,1588241037,'nickname: %s has login','admin','[','admin','login'),(883,1588241285,'nickname: %s has login','admin','61.144.175.199','admin','login'),(884,1588241952,'nickname: %s has login','admin','[','admin','login'),(885,1588242140,'nickname: %s has login','admin','[','admin','login'),(886,1588242220,'nickname: %s has login','admin','[','admin','login'),(887,1588242328,'nickname: %s has login','admin','[','admin','login'),(888,1588242705,'nickname: %s has login','admin','[','admin','login'),(889,1588242753,'nickname: %s has login','admin','[','admin','login'),(890,1588242830,'nickname: %s has login','admin','[','admin','login'),(891,1588243066,'nickname: %s has login','admin','[','admin','login'),(892,1588243178,'nickname: %s has login','admin','[','admin','login'),(893,1588243267,'nickname: %s has login','admin','[','admin','login'),(894,1588243385,'nickname: %s has login','admin','[','admin','login'),(895,1588243446,'nickname: %s has login','admin','127.0.0.1','admin','login'),(896,1588243448,'nickname: %s has login','admin','127.0.0.1','admin','login'),(897,1588243449,'nickname: %s has login','admin','127.0.0.1','admin','login'),(898,1588243603,'nickname: %s has login','admin','[','admin','login'),(899,1588243604,'nickname: %s has login','admin','[','admin','login'),(900,1588243605,'nickname: %s has login','admin','[','admin','login'),(901,1588243606,'nickname: %s has login','admin','[','admin','login'),(902,1588243684,'nickname: %s has login','admin','161.117.41.76','admin','login'),(903,1588243685,'nickname: %s has login','admin','161.117.41.76','admin','login'),(904,1588243686,'nickname: %s has login','admin','161.117.41.76','admin','login'),(905,1588300044,'nickname: %s has login','admin','120.229.76.83','admin','login'),(906,1588473383,'nickname: %s has login','admin','[','admin','login'),(907,1588473483,'nickname: %s has login','admin','[','admin','login'),(908,1588473484,'nickname: %s has login','admin','[','admin','login'),(909,1588473485,'nickname: %s has login','admin','[','admin','login'),(910,1588474266,'nickname: %s has login','admin','[','admin','login'),(911,1588474400,'nickname: %s has login','admin','[','admin','login'),(912,1588474401,'nickname: %s has login','admin','[','admin','login'),(913,1588479775,'nickname: %s has login','admin','[','admin','login'),(914,1588494886,'nickname: %s has login','admin','127.0.0.1','admin','login'),(915,1588498508,'nickname: %s has login','admin','[','admin','login'),(916,1588498516,'nickname: %s has login','admin','127.0.0.1','admin','add'),(917,1588516100,'nickname: %s has login','admin','120.229.100.198','admin','login'),(918,1588521143,'nickname: %s has login','admin','127.0.0.1','admin','login'),(919,1588560812,'nickname: %s has login','admin','120.229.100.227','admin','login'),(920,1588732110,'nickname: %s has login','admin','171.221.143.74','admin','login'),(921,1588732251,'nickname: %s has login','admin','171.221.143.74','admin','login'),(922,1588733717,'nickname: %s has login','admin','161.117.41.76','admin','login'),(923,1588733729,'nickname: %s has login','admin','171.221.143.74','admin','update'),(924,1588735273,'nickname: %s has login','admin','127.0.0.1','admin','login'),(925,1588736132,'nickname: %s has login','admin','127.0.0.1','admin','login'),(926,1588736222,'nickname: %s has login','admin','171.221.143.74','admin','login'),(927,1588736255,'nickname: %s has login','admin','127.0.0.1','admin','login'),(928,1588736256,'nickname: %s has login','admin','127.0.0.1','admin','update'),(929,1588736367,'nickname: %s has login','admin','161.117.41.76','admin','login'),(930,1588736368,'nickname: %s has login','admin','161.117.41.76','admin','update'),(931,1588736448,'nickname: %s has login','admin','171.221.143.74','admin','login'),(932,1588736813,'nickname: %s has login','admin','161.117.41.76','admin','login'),(933,1588736878,'nickname: %s has login','admin','171.221.143.74','admin','add'),(934,1588737166,'nickname: %s has login','admin','161.117.41.76','admin','update'),(935,1588737779,'nickname: %s has login','admin','161.117.41.76','admin','login'),(936,1588738501,'nickname: %s has login','admin','161.117.41.76','admin','update'),(937,1588738566,'nickname: %s has login','admin','161.117.41.76','admin','update'),(938,1588738632,'nickname: %s has login','admin','161.117.41.76','admin','update'),(939,1588740661,'nickname: %s has login','admin','171.221.143.74','admin','update'),(940,1588740682,'nickname: %s has login','admin','171.221.143.74','admin','add'),(941,1588740698,'nickname: %s has login','admin','171.221.143.74','admin','add'),(942,1588743572,'nickname: %s has login','admin','171.221.143.74','admin','update'),(943,1588743699,'nickname: %s has login','admin','171.221.143.74','admin','login'),(944,1588743713,'nickname: %s has login','admin','171.221.143.74','admin','update'),(945,1588743756,'nickname: %s has login','admin','171.221.143.74','admin','update'),(946,1588743789,'nickname: %s has login','admin','171.221.143.74','admin','update'),(947,1588743841,'nickname: %s has login','admin','171.221.143.74','admin','update'),(948,1588743862,'nickname: %s has login','admin','171.221.143.74','admin','update'),(949,1588743869,'nickname: %s has login','admin','171.221.143.74','admin','update'),(950,1588743898,'nickname: %s has login','admin','171.221.143.74','admin','login'),(951,1588743947,'nickname: %s has login','admin','171.221.143.74','admin','delete'),(952,1588744385,'nickname: %s has login','admin','171.221.143.74','admin','delete'),(953,1588745887,'nickname: %s has login','admin','161.117.41.76','admin','login'),(954,1588750432,'nickname: %s has login','admin','161.117.41.76','admin','login'),(955,1588753174,'nickname: %s has login','admin','161.117.41.76','admin','login'),(956,1588755739,'nickname: %s has login','admin','171.221.143.74','admin','login'),(957,1588755756,'nickname: %s has login','admin','171.221.143.74','admin','login'),(958,1588814948,'nickname: %s has login','admin','161.117.41.76','admin','login'),(959,1588815501,'nickname: %s has login','admin','171.221.143.74','admin','login'),(960,1588815958,'nickname: %s has login','admin','171.221.143.74','admin','login'),(961,1588816654,'login','','182.150.22.89','admin','login'),(962,1588817466,'buggroup','','161.117.41.76','admin','update'),(963,1588831544,'login','','171.221.143.74','admin','login'),(964,1588831557,'login','','171.221.143.74','admin','login'),(965,1588831871,'status','','171.221.143.74','admin','add'),(966,1588831875,'status','','171.221.143.74','admin','delete'),(967,1588832136,'status','','171.221.143.74','admin','add'),(968,1588833209,'login','','161.117.41.76','admin','login'),(969,1588836127,'login','','122.224.197.242','admin','login'),(970,1588846306,'login','','161.117.41.76','admin','login'),(971,1588905684,'login','','115.193.165.156','admin','login'),(972,1588906629,'login','','171.221.143.74','admin','login'),(973,1588906772,'login','','171.221.143.74','admin','login'),(974,1588910022,'login','','161.117.41.76','admin','login'),(975,1588910034,'login','','171.221.143.74','admin','login'),(976,1588917881,'login','','161.117.41.76','admin','login'),(977,1588923338,'login','','171.43.190.159','admin','login'),(978,1588923476,'env','','171.43.190.159','admin','add'),(979,1588995414,'login','','106.75.220.2','admin','login'),(980,1589011201,'login','','171.221.143.74','admin','login'),(981,1589011249,'login','','171.221.143.74','admin','login'),(982,1589011370,'login','','171.221.143.74','admin','login'),(983,1589011425,'login','','171.221.143.74','admin','login'),(984,1589013595,'login','','106.75.220.2','admin','login'),(985,1589015009,'statusgroup','','171.221.143.74','',''),(986,1589015970,'login','','161.117.41.76','admin','login'),(987,1589016977,'login','','171.221.143.74','admin','login'),(988,1589017001,'login','','171.221.143.74','admin','login'),(989,1589018174,'login','','171.221.143.74','admin','login'),(990,1589162559,'login','','222.212.191.155','admin','login'),(991,1589163501,'login','','222.212.191.155','admin','login'),(992,1589164675,'login','','222.212.191.155','admin','login'),(993,1589165239,'status','','222.212.191.155','admin','update'),(994,1589165267,'buggroup','','222.212.191.155','admin','update'),(995,1589165529,'buggroup','','222.212.191.155','admin','update'),(996,1589165544,'buggroup','','222.212.191.155','admin','update'),(997,1589165829,'buggroup','','222.212.191.155','admin','update'),(998,1589165843,'buggroup','','222.212.191.155','admin','update'),(999,1589166225,'buggroup','','222.212.191.155','admin','update'),(1000,1589168473,'buggroup','','222.212.191.155','admin','update'),(1001,1589168490,'buggroup','','222.212.191.155','admin','update'),(1002,1589168667,'buggroup','','222.212.191.155','admin','update'),(1003,1589176157,'login','','222.212.191.155','admin','login'),(1004,1589176218,'login','','222.212.191.155','admin','login'),(1005,1589176227,'statusgroup','','222.212.191.155','',''),(1006,1589176341,'statusgroup','','222.212.191.155','',''),(1007,1589176443,'statusgroup','','222.212.191.155','',''),(1008,1589176495,'statusgroup','','222.212.191.155','',''),(1009,1589176524,'status','','222.212.191.155','admin','delete'),(1010,1589176528,'status','','222.212.191.155','admin','delete'),(1011,1589176535,'buggroup','','222.212.191.155','admin','delete'),(1012,1589176623,'buggroup','','222.212.191.155','admin','delete'),(1013,1589176640,'buggroup','','222.212.191.155','admin','delete'),(1014,1589177019,'role','','222.212.191.155','admin','add'),(1015,1589177027,'role','','222.212.191.155','admin','add'),(1016,1589178240,'login','','[','admin','login'),(1017,1589249096,'login','','222.212.191.155','admin','login'),(1018,1589249801,'login','','222.212.191.155','admin','login'),(1019,1589250649,'buggroup','','222.212.191.155','admin','update'),(1020,1589250673,'role','','222.212.191.155','admin','add'),(1021,1589250839,'role','','222.212.191.155','admin','update'),(1022,1589250863,'role','','222.212.191.155','admin','update'),(1023,1589250935,'login','','222.212.191.155','admin','login'),(1024,1589251007,'role','','222.212.191.155','admin','update'),(1025,1589251095,'role','','222.212.191.155','admin','update'),(1026,1589251130,'role','','222.212.191.155','admin','update'),(1027,1589251287,'role','','222.212.191.155','admin','add'),(1028,1589251300,'role','','222.212.191.155','admin','add'),(1029,1589251336,'role','','222.212.191.155','admin','add'),(1030,1589257029,'login','','[','admin','login'),(1031,1589257034,'login','','116.6.100.42','admin','login'),(1032,1589257154,'bug','','116.6.100.42','admin','create'),(1033,1589257170,'login','','61.141.253.211','admin','login'),(1034,1589257823,'role','','61.141.253.211','admin','roledelete'),(1035,1589257827,'role','','61.141.253.211','admin','roledelete'),(1036,1589259582,'login','','61.141.253.211','admin','login'),(1037,1589259591,'role','','61.141.253.211','admin','add'),(1038,1589262078,'login','','222.212.191.155','admin','login'),(1039,1589262098,'role','','222.212.191.155','admin','update'),(1040,1589262128,'role','','222.212.191.155','admin','update'),(1041,1589263501,'login','','127.0.0.1','admin','login'),(1042,1589263618,'login','','222.212.191.155','admin','login'),(1043,1589263979,'role','','127.0.0.1','admin','roledelete'),(1044,1589263986,'role','','127.0.0.1','admin','roledelete'),(1045,1589263993,'role','','127.0.0.1','admin','roledelete'),(1046,1589263994,'role','','127.0.0.1','admin','roledelete'),(1047,1589263995,'role','','127.0.0.1','admin','roledelete'),(1048,1589264205,'role','','127.0.0.1','admin','roledelete'),(1049,1589264213,'login','','127.0.0.1','admin','login'),(1050,1589264232,'role','','127.0.0.1','admin','add'),(1051,1589264453,'role','','127.0.0.1','admin','update'),(1052,1589264741,'login','','61.141.253.211','admin','login'),(1053,1589264760,'role','','61.141.253.211','admin','add'),(1054,1589264823,'login','','222.212.191.155','admin','login'),(1055,1589264852,'login','','222.212.191.155','admin','login'),(1056,1589264945,'login','','222.212.191.155','admin','login'),(1057,1589264975,'role','','222.212.191.155','admin','add'),(1058,1589264984,'role','','222.212.191.155','admin','update'),(1059,1589265009,'role','','222.212.191.155','admin','update'),(1060,1589265753,'role','','222.212.191.155','admin','update'),(1061,1589265786,'role','','222.212.191.155','admin','roledelete'),(1062,1589265856,'role','','222.212.191.155','admin','add'),(1063,1589265865,'role','','222.212.191.155','admin','add'),(1064,1589265870,'role','','222.212.191.155','admin','roledelete'),(1065,1589278333,'login','','127.0.0.1','admin','login'),(1066,1589336549,'login','','222.212.191.155','admin','login'),(1067,1589336591,'login','','222.212.191.155','admin','login'),(1068,1589339209,'login','','111.194.49.107','admin','login'),(1069,1589360532,'login','','222.212.191.155','admin','login'),(1070,1589360740,'login','','222.212.191.155','admin','login'),(1071,1589360761,'login','','222.212.191.155','admin','login'),(1072,1589360779,'login','','222.212.191.155','admin','login'),(1073,1589360796,'login','','222.212.191.155','admin','login'),(1074,1589360820,'login','','222.212.191.155','admin','login'),(1075,1589425185,'login','','116.6.100.42','admin','login'),(1076,1589427460,'login','','113.78.65.255','admin','login'),(1077,1589443350,'login','','222.212.191.155','admin','login'),(1078,1589443557,'login','','222.212.191.155','admin','login'),(1079,1589448741,'important','','222.212.191.155','admin','add'),(1080,1589449226,'important','','222.212.191.155','admin','add'),(1081,1589449357,'important','','222.212.191.155','admin','update'),(1082,1589449438,'important','','222.212.191.155','admin','update'),(1083,1589449466,'important','','222.212.191.155','admin','update'),(1084,1589449793,'level','','222.212.191.155','admin','update'),(1085,1589449833,'level','','222.212.191.155','admin','add'),(1086,1589449930,'login','','222.212.191.155','admin','login'),(1087,1589449971,'login','','127.0.0.1','admin','login'),(1088,1589449972,'login','','222.212.191.155','admin','login'),(1089,1589449993,'login','','222.212.191.155','admin','login'),(1090,1589449997,'login','','127.0.0.1','admin','login'),(1091,1589450055,'bug','','127.0.0.1','admin','create'),(1092,1589450121,'bug','','127.0.0.1','admin','pass'),(1093,1589450438,'login','','222.212.191.155','admin','login'),(1094,1589450969,'login','','222.212.191.155','admin','login'),(1095,1589451016,'important','','127.0.0.1','admin','delete'),(1096,1589451047,'level','','127.0.0.1','admin','delete'),(1097,1589451118,'login','','113.104.224.8','admin','login'),(1098,1589451128,'important','','113.104.224.8','admin','delete'),(1099,1589451177,'important','','113.104.224.8','admin','add'),(1100,1589451182,'important','','113.104.224.8','admin','delete'),(1101,1589451340,'login','','222.212.191.155','admin','login'),(1102,1589451370,'important','','222.212.191.155','admin','add'),(1103,1589451374,'important','','222.212.191.155','admin','delete'),(1104,1589451399,'login','','113.104.224.8','admin','login'),(1105,1589451405,'login','','222.212.191.155','admin','login'),(1106,1589451408,'important','','113.104.224.8','admin','delete'),(1107,1589451414,'level','','222.212.191.155','admin','delete'),(1108,1589451457,'important','','113.104.224.8','admin','add'),(1109,1589451459,'important','','113.104.224.8','admin','delete'),(1110,1589451484,'login','','113.104.224.8','admin','login'),(1111,1589451590,'login','','127.0.0.1','admin','login'),(1112,1589451605,'login','','127.0.0.1','admin','login'),(1113,1589451667,'login','','127.0.0.1','admin','login'),(1114,1589451992,'login','','127.0.0.1','admin','login'),(1115,1589508817,'login','','61.155.85.77','admin','login'),(1116,1589509656,'login','','222.212.191.155','admin','login'),(1117,1589509983,'login','','222.212.191.155','admin','login'),(1118,1589510087,'positioin','','222.212.191.155','admin','add'),(1119,1589510951,'position','','222.212.191.155','admin','update'),(1120,1589522662,'login','','127.0.0.1','admin','login'),(1121,1589522802,'login','','127.0.0.1','admin','login'),(1122,1589523801,'login','','222.212.191.155','admin','login'),(1123,1589523820,'position','','222.212.191.155','admin','update'),(1124,1589523950,'login','','222.212.191.155','admin','login'),(1125,1589525564,'login','','161.117.41.76','admin','login'),(1126,1589525603,'login','','113.104.224.8','admin','login'),(1127,1589526192,'login','','113.104.224.8','admin','login'),(1128,1589526234,'bug','','113.104.224.8','admin','update'),(1129,1589526341,'login','','222.212.191.155','admin','login'),(1130,1589526895,'login','','127.0.0.1','admin','login'),(1131,1589528960,'position','','222.212.191.155','admin','update'),(1132,1589531211,'position','','222.212.191.155','admin','update'),(1133,1589531228,'position','','222.212.191.155','admin','update'),(1134,1589531276,'login','','222.212.191.155','admin','login'),(1135,1589531347,'login','','222.212.191.155','admin','login'),(1136,1589531375,'position','','222.212.191.155','admin','update'),(1137,1589531412,'position','','222.212.191.155','admin','update'),(1138,1589531503,'position','','222.212.191.155','admin','update'),(1139,1589531526,'positioin','','222.212.191.155','admin','add'),(1140,1589531626,'position','','222.212.191.155','admin','update'),(1141,1589531639,'positioin','','222.212.191.155','admin','delete'),(1142,1589531745,'positioin','','222.212.191.155','admin','add'),(1143,1589531757,'position','','222.212.191.155','admin','update'),(1144,1589531853,'position','','222.212.191.155','admin','update'),(1145,1589531857,'positioin','','222.212.191.155','admin','delete'),(1146,1589532191,'login','','222.212.191.155','admin','login'),(1147,1589532744,'login','','113.104.224.8','admin','login'),(1148,1589618496,'login','','175.8.49.112','admin','login'),(1149,1589770524,'login','','171.221.138.81','admin','login'),(1150,1589770539,'position','','171.221.138.81','admin','update'),(1151,1589770558,'positioin','','171.221.138.81','admin','add'),(1152,1589770583,'login','','171.221.138.81','admin','login'),(1153,1589770602,'position','','171.221.138.81','admin','update'),(1154,1589770612,'positioin','','171.221.138.81','admin','add'),(1155,1589770653,'positioin','','171.221.138.81','admin','add'),(1156,1589770717,'positioin','','171.221.138.81','admin','add'),(1157,1589770741,'positioin','','171.221.138.81','admin','add'),(1158,1589770775,'positioin','','171.221.138.81','admin','add'),(1159,1589770834,'position','','171.221.138.81','admin','update'),(1160,1589770847,'position','','171.221.138.81','admin','update'),(1161,1589770856,'positioin','','171.221.138.81','admin','delete'),(1162,1589770859,'positioin','','171.221.138.81','admin','delete'),(1163,1589770862,'positioin','','171.221.138.81','admin','delete'),(1164,1589770865,'positioin','','171.221.138.81','admin','delete'),(1165,1589770921,'positioin','','171.221.138.81','admin','add'),(1166,1589770952,'position','','171.221.138.81','admin','update'),(1167,1589770965,'positioin','','171.221.138.81','admin','add'),(1168,1589771000,'positioin','','171.221.138.81','admin','delete'),(1169,1589771008,'positioin','','171.221.138.81','admin','add'),(1170,1589771827,'positioin','','171.221.138.81','admin','delete'),(1171,1589771879,'positioin','','171.221.138.81','admin','add'),(1172,1589771898,'positioin','','171.221.138.81','admin','add'),(1173,1589783101,'login','','183.60.252.249','admin','login'),(1174,1589783140,'rest','','183.60.252.249','admin','delete'),(1175,1589783183,'loginout','','183.60.252.249','admin',''),(1176,1589856684,'login','','171.221.138.81','admin','login'),(1177,1589856715,'login','','171.221.138.81','admin','login'),(1178,1589856728,'positioin','','171.221.138.81','admin','delete'),(1179,1589856731,'positioin','','171.221.138.81','admin','delete'),(1180,1589863687,'login','','223.102.82.205','admin','login'),(1181,1589878631,'login','','124.115.222.150','admin','login'),(1182,1589879190,'bug','','124.115.222.150','admin','create'),(1183,1589892484,'login','','221.13.31.72','admin','login'),(1184,1589896802,'login','','124.115.222.150','admin','login'),(1185,1589896871,'login','','113.140.11.5','admin','login'),(1186,1589896874,'login','','113.140.11.5','admin','login'),(1187,1589896875,'login','','113.140.11.5','admin','login'),(1188,1589896876,'login','','113.140.11.5','admin','login'),(1189,1589896876,'login','','113.140.11.5','admin','login'),(1190,1589896914,'login','','113.140.11.5','admin','login'),(1191,1589896934,'login','','113.140.11.5','admin','login'),(1192,1589900066,'status','','113.140.11.5','admin','delete'),(1193,1589903182,'login','','14.135.158.247','admin','login'),(1194,1590031808,'login','','218.205.192.54','admin','login'),(1195,1590031809,'login','','218.205.192.54','admin','login'),(1196,1590031842,'status','','218.205.192.54','admin','change'),(1197,1590031845,'status','','218.205.192.54','admin','change'),(1198,1590031847,'status','','218.205.192.54','admin','change'),(1199,1590032569,'login','','222.128.56.94','admin','login'),(1200,1590032570,'login','','222.128.56.94','admin','login'),(1201,1590039460,'login','','218.205.192.54','admin','login'),(1202,1590051761,'login','','113.140.11.4','admin','login'),(1203,1590060093,'login','','113.140.11.4','admin','login'),(1204,1590111331,'login','','127.0.0.1','admin','login'),(1205,1590117001,'login','','221.217.90.58','admin','login'),(1206,1590119265,'login','','113.105.200.92','admin','login'),(1207,1590125554,'login','','171.221.138.81','admin','login'),(1208,1590126232,'login','','171.221.138.81','admin','login'),(1209,1590126271,'positioin','','171.221.138.81','admin','add'),(1210,1590126508,'positioin','','171.221.138.81','admin','add'),(1211,1590126530,'position','','171.221.138.81','admin','update'),(1212,1590126535,'position','','171.221.138.81','admin','update'),(1213,1590143130,'login','','183.17.126.25','admin','login'),(1214,1590204138,'login','','127.0.0.1','admin','login'),(1215,1590215324,'login','','113.140.11.4','admin','login'),(1216,1590222579,'login','','113.140.11.4','admin','login'),(1217,1590222800,'loginout','','113.140.11.4','admin',''),(1218,1590222819,'login','','113.140.11.4','admin','login'),(1219,1590223004,'bug','','113.140.11.4','admin','create'),(1220,1590223053,'bug','','113.140.11.4','admin','create'),(1221,1590223090,'version','','113.140.11.4','admin','add'),(1222,1590223124,'project','','113.140.11.4','admin','add'),(1223,1590223136,'env','','113.140.11.4','admin','add'),(1224,1590223465,'status','','113.140.11.4','admin','delete'),(1225,1590223477,'status','','113.140.11.4','admin','delete'),(1226,1590223479,'status','','113.140.11.4','admin','delete'),(1227,1590223486,'status','','113.140.11.4','admin','delete'),(1228,1590223997,'role','','113.140.11.4','admin','add'),(1229,1590227347,'bug','','113.140.11.4','admin','create'),(1230,1590227467,'bug','','113.140.11.4','admin','close'),(1231,1590227477,'bug','','113.140.11.4','admin','close'),(1232,1590227483,'bug','','113.140.11.4','admin','close'),(1233,1590227485,'bug','','113.140.11.4','admin','close'),(1234,1590227486,'bug','','113.140.11.4','admin','close'),(1235,1590227488,'bug','','113.140.11.4','admin','close'),(1236,1590227786,'bug','','113.140.11.4','admin','create'),(1237,1590227829,'bug','','113.140.11.4','admin','create'),(1238,1590232340,'login','','123.139.81.69','admin','login'),(1239,1590239060,'login','','113.140.11.4','admin','login'),(1240,1590242394,'login','','112.10.113.173','admin','login'),(1241,1590376015,'login','','60.169.46.70','admin','login'),(1242,1590384536,'login','','218.30.116.10','admin','login'),(1243,1590393465,'login','','124.115.222.149','admin','login'),(1244,1590474852,'login','','113.140.11.5','admin','login'),(1245,1590479105,'rest','','113.140.11.5','admin','add'),(1246,1590479170,'usergroup','','113.140.11.5','admin','add'),(1247,1590501054,'login','','113.140.11.5','admin','login'),(1248,1590570196,'login','','113.140.11.5','admin','login'),(1249,1590577238,'login','','124.115.222.149','admin','login'),(1250,1590577467,'login','','113.140.11.5','admin','login'),(1251,1590577695,'status','','124.115.222.149','admin','change'),(1252,1590577701,'status','','124.115.222.149','admin','change'),(1253,1590577800,'status','','124.115.222.149','admin','change'),(1254,1590577828,'status','','113.140.11.5','admin','change'),(1255,1590578448,'rest','','113.140.11.5','admin','add'),(1256,1590578588,'status','','124.115.222.149','admin','change'),(1257,1590598765,'login','','113.140.11.5','admin','login'),(1258,1590634171,'login','','113.140.11.5','admin','login'),(1259,1590635015,'project','','113.140.11.5','admin','add'),(1260,1590635042,'important','','113.140.11.5','admin','add'),(1261,1590635108,'level','','113.140.11.5','admin','add'),(1262,1590635115,'level','','113.140.11.5','admin','add'),(1263,1590635132,'important','','113.140.11.5','admin','add'),(1264,1590635464,'status','','113.140.11.5','admin','add'),(1265,1590635682,'status','','113.140.11.5','admin','change'),(1266,1590635696,'bug','','113.140.11.5','admin','update'),(1267,1590638730,'bug','','113.140.11.5','admin','create'),(1268,1590638779,'bug','','113.140.11.5','admin','create'),(1269,1590641599,'login','','113.140.11.5','admin','login'),(1270,1590643994,'status','','113.140.11.5','admin','add'),(1271,1590648343,'login','','120.236.138.115','admin','login'),(1272,1590649487,'login','','113.140.11.5','admin','login'),(1273,1590649540,'status','','113.140.11.5','admin','add'),(1274,1590649606,'bug','','113.140.11.5','admin','create'),(1275,1590649641,'bug','','113.140.11.5','admin','update'),(1276,1590649658,'bug','','113.140.11.5','admin','close'),(1277,1590982141,'login','','118.113.0.73','admin','login'),(1278,1590983122,'login','','118.113.0.73','admin','login'),(1279,1590983611,'usergroup','','118.113.0.73','admin','update'),(1280,1590983686,'usergroup','','118.113.0.73','admin','add'),(1281,1591059378,'login','','223.94.49.92','admin','login'),(1282,1591193822,'login','','221.1.86.212','admin','login'),(1283,1591193824,'login','','221.1.86.212','admin','login'),(1284,1591615499,'login','','218.104.188.163','admin','login'),(1285,1591639450,'login','','42.236.142.221','admin','login'),(1286,1591663744,'login','','117.136.36.188','admin','login'),(1287,1591663748,'login','','117.136.36.188','admin','login'),(1288,1591663750,'login','','117.136.36.188','admin','login'),(1289,1591663751,'login','','117.136.36.188','admin','login'),(1290,1591663751,'login','','117.136.36.188','admin','login'),(1291,1591663752,'login','','117.136.36.188','admin','login'),(1292,1591663753,'login','','117.136.36.188','admin','login'),(1293,1591663754,'login','','117.136.36.188','admin','login'),(1294,1591663755,'login','','117.136.36.188','admin','login'),(1295,1591663759,'login','','117.136.36.188','admin','login'),(1296,1591664167,'login','','222.139.249.138','admin','login'),(1297,1591688495,'login','','202.108.103.249','admin','login'),(1298,1591688529,'status','','202.108.103.249','admin','change'),(1299,1591688841,'status','','202.108.103.249','admin','add'),(1300,1591688891,'statusgroup','','202.108.103.249','',''),(1301,1591688918,'role','','202.108.103.249','admin','add'),(1302,1591688940,'important','','202.108.103.249','admin','add'),(1303,1591688964,'positioin','','202.108.103.249','admin','add'),(1304,1591689023,'positioin','','202.108.103.249','admin','add'),(1305,1591689102,'rest','','202.108.103.249','admin','add'),(1306,1591689263,'bug','','202.108.103.249','admin','create'),(1307,1591839702,'login','','49.74.42.35','admin','login'),(1308,1591843218,'bug','','49.74.42.35','admin','create'),(1309,1591843254,'bug','','49.74.42.35','admin','close'),(1310,1591843280,'bug','','49.74.42.35','admin','pass'),(1311,1591843385,'loginout','','49.74.42.35','admin',''),(1312,1591843394,'login','','49.74.42.35','admin','login'),(1313,1591863709,'login','','49.74.42.35','admin','login'),(1314,1591944283,'login','','127.0.0.1','admin','login'),(1315,1591954110,'login','','161.117.41.76','admin','login'),(1316,1592216898,'login','','161.117.41.76','admin','login'),(1317,1592400392,'login','','112.64.62.85','admin','login'),(1318,1592445699,'login','','180.168.186.230','admin','login'),(1319,1592445849,'login','','161.117.41.76','admin','login'),(1320,1592445913,'loginout','','180.168.186.230','admin',''),(1321,1592445953,'login','','180.168.186.230','admin','login'),(1322,1592750194,'login','','115.171.83.4','admin','login'),(1323,1592899203,'login','','171.221.136.202','admin','login'),(1324,1592903979,'login','','171.221.136.202','admin','login'),(1325,1592903999,'usergroup','','171.221.136.202','admin','add'),(1326,1592904013,'usergroup','','171.221.136.202','admin','add'),(1327,1592904420,'role','','171.221.136.202','admin','add'),(1328,1592974271,'login','','183.200.209.114','admin','login'),(1329,1593330963,'login','','118.113.0.92','admin','login'),(1330,1593332610,'login','','118.113.0.92','admin','login'),(1331,1593334068,'usergroup','','118.113.0.92','admin','add'),(1332,1593335511,'login','','47.52.29.97','admin','login'),(1333,1593336380,'login','','127.0.0.1','admin','login'),(1334,1593336635,'login','','47.52.29.97','admin','login'),(1335,1593336815,'login','','118.113.0.92','admin','login'),(1336,1593337035,'login','','118.113.0.92','admin','login'),(1337,1593337271,'setting','','127.0.0.1','admin','createuser'),(1338,1593337476,'setting','','118.113.0.92','admin','createuser'),(1339,1593340987,'login','','202.168.169.42','admin','login'),(1340,1593340989,'login','','202.168.169.42','admin','login'),(1341,1593593897,'login','','161.117.41.76','admin','login'),(1342,1593594350,'login','','127.0.0.1','admin','login'),(1343,1593594918,'login','','127.0.0.1','admin','login'),(1344,1593595049,'login','','127.0.0.1','admin','login'),(1345,1593595509,'bug','','127.0.0.1','admin','create'),(1346,1593596357,'bug','','127.0.0.1','admin','create'),(1347,1593596658,'bug','','127.0.0.1','admin','create'),(1348,1593597086,'bug','','127.0.0.1','admin','update'),(1349,1593597089,'login','','127.0.0.1','admin','login'),(1350,1593597111,'bug','','127.0.0.1','admin','create'),(1351,1593597400,'bug','','127.0.0.1','admin','create'),(1352,1593597842,'bug','','127.0.0.1','admin','close'),(1353,1593598039,'bug','','127.0.0.1','admin','create'),(1354,1593598509,'login','','183.54.207.91','admin','login'),(1355,1593653957,'login','','127.0.0.1','admin','login'),(1356,1593681107,'login','','192.168.50.227','admin','login'),(1357,1593681145,'bug','','192.168.50.227','admin','update'),(1358,1593681180,'bug','','192.168.50.227','admin','update'),(1359,1593681688,'bug','','192.168.50.227','admin','update'),(1360,1593682622,'login','','192.168.50.227','admin','login'),(1361,1593682641,'bug','','192.168.50.227','admin','create'),(1362,1593682658,'bug','','192.168.50.227','admin','create'),(1363,1593682715,'bug','','192.168.50.227','admin','create'),(1364,1593682910,'bug','','192.168.50.227','admin','create'),(1365,1593682947,'bug','','192.168.50.227','admin','create'),(1366,1593686084,'bug','','192.168.50.227','admin','update'),(1367,1593714920,'login','','117.165.47.114','admin','login'),(1368,1593714921,'login','','117.165.47.114','admin','login'),(1369,1593741181,'login','','192.168.50.227','admin','login'),(1370,1593761509,'login','','192.168.50.227','admin','login'),(1371,1593762557,'login','','192.168.50.227','admin','login'),(1372,1593762599,'login','','192.168.50.227','admin','login'),(1373,1593763731,'bug','','192.168.50.227','admin','create'),(1374,1593763864,'bug','','192.168.50.227','admin','create'),(1375,1593766157,'bug','','192.168.50.227','admin','update'),(1376,1593770093,'login','','61.150.11.155','admin','login'),(1377,1593770189,'login','','192.168.50.227','admin','login'),(1378,1593770795,'loginout','','192.168.50.227','admin',''),(1379,1593770803,'login','','192.168.50.227','admin','login'),(1380,1593771324,'login','','192.168.50.227','admin','login'),(1381,1593771488,'loginout','','192.168.50.227','admin',''),(1382,1593771608,'login','','192.168.50.227','admin','login'),(1383,1593771641,'loginout','','192.168.50.227','admin',''),(1384,1593771643,'login','','192.168.50.227','admin','login'),(1385,1593771724,'loginout','','192.168.50.227','admin',''),(1386,1593771725,'login','','192.168.50.227','admin','login'),(1387,1593771832,'loginout','','192.168.50.227','admin',''),(1388,1593771833,'login','','192.168.50.227','admin','login'),(1389,1593771885,'loginout','','192.168.50.227','admin',''),(1390,1593771886,'login','','192.168.50.227','admin','login'),(1391,1593772052,'loginout','','192.168.50.227','admin',''),(1392,1593772069,'login','','192.168.50.227','admin','login'),(1393,1593772172,'loginout','','192.168.50.227','admin',''),(1394,1593772173,'login','','192.168.50.227','admin','login'),(1395,1593772254,'login','','192.168.50.227','admin','login'),(1396,1593772259,'login','','192.168.50.227','admin','login'),(1397,1593772274,'login','','192.168.50.227','admin','login'),(1398,1593772367,'login','','192.168.50.227','admin','login'),(1399,1593776251,'login','','118.122.93.102','admin','login'),(1400,1594024809,'login','','113.104.208.59','admin','login'),(1401,1594043853,'login','','127.0.0.1','admin','login'),(1402,1594044036,'login','','127.0.0.1','admin','login'),(1403,1594050709,'login','','127.0.0.1','admin','login'),(1404,1594090511,'login','','161.117.41.76','admin','login'),(1405,1594100395,'login','','117.32.131.98','admin','login'),(1406,1594117116,'login','','161.117.41.76','admin','login'),(1407,1594118452,'login','','161.117.41.76','admin','login'),(1408,1594118459,'login','','161.117.41.76','admin','login'),(1409,1594118465,'login','','161.117.41.76','admin','login'),(1410,1594135518,'login','','223.74.154.101','admin','login'),(1411,1594136483,'bug','','223.74.154.101','admin','close'),(1412,1594136484,'bug','','223.74.154.101','admin','close'),(1413,1594136486,'bug','','223.74.154.101','admin','close'),(1414,1594136519,'bug','','223.74.154.101','admin','update'),(1415,1594197251,'login','','113.104.208.7','admin','login'),(1416,1594198222,'login','','113.104.208.7','admin','login'),(1417,1594198256,'status','','113.104.208.7','admin','update'),(1418,1594198273,'status','','113.104.208.7','admin','update'),(1419,1594198300,'status','','113.104.208.7','admin','update'),(1420,1594198313,'status','','113.104.208.7','admin','update'),(1421,1594198319,'status','','113.104.208.7','admin','add'),(1422,1594198331,'status','','113.104.208.7','admin','add'),(1423,1594198343,'status','','113.104.208.7','admin','delete'),(1424,1594198351,'status','','113.104.208.7','admin','update'),(1425,1594198364,'status','','113.104.208.7','admin','delete'),(1426,1594198368,'status','','113.104.208.7','admin','update'),(1427,1594198390,'status','','113.104.208.7','admin','change'),(1428,1594198395,'status','','113.104.208.7','admin','change'),(1429,1594198398,'status','','113.104.208.7','admin','change'),(1430,1594198400,'status','','113.104.208.7','admin','change'),(1431,1594198402,'status','','113.104.208.7','admin','change'),(1432,1594198406,'status','','113.104.208.7','admin','change'),(1433,1594198411,'status','','113.104.208.7','admin','change'),(1434,1594198435,'status','','113.104.208.7','admin','change'),(1435,1594198437,'status','','113.104.208.7','admin','change'),(1436,1594199073,'login','','113.104.208.7','admin','login'),(1437,1594199645,'login','','113.104.208.7','admin','login'),(1438,1594199998,'login','','113.104.208.7','admin','login'),(1439,1594200252,'login','','113.104.208.7','admin','login'),(1440,1594201439,'login','','113.104.208.7','admin','login'),(1441,1594223396,'login','','120.229.98.196','admin','login'),(1442,1594223495,'buggroup','','120.229.98.196','admin','update'),(1443,1594223520,'buggroup','','120.229.98.196','admin','update'),(1444,1594223555,'buggroup','','120.229.98.196','admin','update'),(1445,1594223618,'buggroup','','120.229.98.196','admin','update'),(1446,1594223633,'buggroup','','120.229.98.196','admin','update'),(1447,1594223657,'buggroup','','120.229.98.196','admin','update'),(1448,1594224831,'login','','127.0.0.1','admin','login'),(1449,1594225290,'login','','120.229.98.196','admin','login'),(1450,1594225379,'status','','120.229.98.196','admin','change'),(1451,1594258829,'login','','161.117.41.76','admin','login'),(1452,1594258851,'version','','161.117.41.76','admin','update'),(1453,1594266984,'login','','218.15.221.154','admin','login'),(1454,1594277530,'login','','119.44.218.199','admin','login'),(1455,1594355062,'login','','47.52.29.97','admin','login'),(1456,1594355253,'login','','47.52.29.97','admin','login'),(1457,1594357111,'login','','47.52.29.97','admin','login'),(1458,1594357305,'role','','47.52.29.97','admin','roledelete'),(1459,1594357307,'role','','47.52.29.97','admin','roledelete'),(1460,1594357309,'role','','47.52.29.97','admin','roledelete'),(1461,1594357310,'role','','47.52.29.97','admin','roledelete'),(1462,1594357877,'login','','47.52.29.97','admin','login'),(1463,1594358130,'login','','47.52.29.97','admin','login'),(1464,1594362191,'login','','47.52.29.97','admin','login'),(1465,1594364697,'login','','47.52.29.97','admin','login'),(1466,1594365569,'login','','101.81.161.222','admin','login'),(1467,1594365571,'login','','101.81.161.222','admin','login'),(1468,1594375799,'login','','161.117.41.76','admin','login'),(1469,1594376174,'login','','161.117.41.76','admin','login'),(1470,1594376770,'login','','161.117.41.76','admin','login'),(1471,1594382963,'login','','47.52.29.97','admin','login'),(1472,1594386727,'login','','115.207.214.166','admin','login'),(1473,1594390471,'login','','47.52.29.97','admin','login'),(1474,1594441831,'login','','47.52.29.97','admin','login'),(1475,1594441954,'project','','47.52.29.97','admin','update'),(1476,1594441958,'project','','47.52.29.97','admin','update'),(1477,1594441962,'project','','47.52.29.97','admin','update'),(1478,1594441965,'project','','47.52.29.97','admin','update'),(1479,1594461147,'login','','47.52.29.97','admin','login'),(1480,1594462099,'status','','47.52.29.97','admin','change'),(1481,1594462101,'status','','47.52.29.97','admin','change'),(1482,1594462102,'status','','47.52.29.97','admin','change'),(1483,1594462105,'status','','47.52.29.97','admin','change'),(1484,1594462106,'status','','47.52.29.97','admin','change'),(1485,1594462107,'status','','47.52.29.97','admin','change'),(1486,1594462768,'login','','61.141.255.82','admin','login'),(1487,1594463336,'login','','47.52.29.97','admin','login'),(1488,1594463647,'login','','61.141.255.82','admin','login'),(1489,1594475538,'login','','120.229.98.226','admin','login'),(1490,1594550688,'login','','127.0.0.1','admin','login'),(1491,1594565803,'login','','127.0.0.1','admin','login'),(1492,1594566751,'version','','127.0.0.1','admin','update'),(1493,1594566840,'version','','127.0.0.1','admin','update'),(1494,1594566846,'version','','127.0.0.1','admin','update'),(1495,1594566853,'version','','127.0.0.1','admin','update'),(1496,1594566997,'version','','127.0.0.1','admin','update'),(1497,1594568602,'login','','120.229.98.226','admin','login'),(1498,1594577770,'login','','221.221.48.90','admin','login');
/*!40000 ALTER TABLE `log` ENABLE KEYS */;
UNLOCK TABLES;

--
-- Table structure for table `options`
--

DROP TABLE IF EXISTS `options`;
/*!40101 SET @saved_cs_client     = @@character_set_client */;
/*!40101 SET character_set_client = utf8 */;
CREATE TABLE `options` (
  `id` bigint(20) NOT NULL AUTO_INCREMENT,
  `name` varchar(50) NOT NULL,
  `info` varchar(100) DEFAULT '',
  `tid` bigint(20) DEFAULT '0',
  `df` varchar(10) DEFAULT '',
  `need` varchar(10) DEFAULT '',
  PRIMARY KEY (`id`)
) ENGINE=InnoDB AUTO_INCREMENT=19 DEFAULT CHARSET=utf8;
/*!40101 SET character_set_client = @saved_cs_client */;

--
-- Dumping data for table `options`
--

LOCK TABLES `options` WRITE;
/*!40000 ALTER TABLE `options` DISABLE KEYS */;
INSERT INTO `options` VALUES (1,'username','',2,'','必须'),(2,'password','',2,'','必须'),(3,'page','',10,'','必须'),(4,'limit','',10,'','必须'),(5,'level','',2,'','必须'),(6,'project','',2,'','必须'),(7,'title','',2,'','必须'),(8,'status','',14,'','必须'),(9,'page','',1,'','必须'),(10,'limit','',1,'','必须'),(11,'level','',2,'','可选'),(12,'project','',2,'','可选'),(13,'title','',2,'','可选'),(14,'status','',14,'','可选'),(15,'page','',1,'','必须'),(16,'limit','',1,'','必须'),(17,'page','',1,'','必须'),(18,'limit','',1,'','必须');
/*!40000 ALTER TABLE `options` ENABLE KEYS */;
UNLOCK TABLES;

--
-- Table structure for table `perm`
--

DROP TABLE IF EXISTS `perm`;
/*!40101 SET @saved_cs_client     = @@character_set_client */;
/*!40101 SET character_set_client = utf8 */;
CREATE TABLE `perm` (
  `id` int(11) NOT NULL AUTO_INCREMENT,
  `find` tinyint(1) NOT NULL DEFAULT '0',
  `remove` tinyint(1) NOT NULL DEFAULT '0',
  `revise` tinyint(1) NOT NULL DEFAULT '0',
  `increase` tinyint(1) NOT NULL DEFAULT '0',
  `rid` bigint(20) NOT NULL DEFAULT '0',
  PRIMARY KEY (`id`)
) ENGINE=InnoDB AUTO_INCREMENT=34 DEFAULT CHARSET=utf8;
/*!40101 SET character_set_client = @saved_cs_client */;

--
-- Dumping data for table `perm`
--

LOCK TABLES `perm` WRITE;
/*!40000 ALTER TABLE `perm` DISABLE KEYS */;
INSERT INTO `perm` VALUES (23,0,0,0,0,2),(24,0,0,0,0,5),(25,0,0,0,0,8),(26,0,0,0,0,9),(27,0,0,0,0,10),(29,0,0,0,0,1),(30,0,0,0,0,3),(31,0,0,0,0,4),(32,0,0,0,0,6),(33,0,0,0,0,7);
/*!40000 ALTER TABLE `perm` ENABLE KEYS */;
UNLOCK TABLES;

--
-- Table structure for table `project`
--

DROP TABLE IF EXISTS `project`;
/*!40101 SET @saved_cs_client     = @@character_set_client */;
/*!40101 SET character_set_client = utf8 */;
CREATE TABLE `project` (
  `id` bigint(20) NOT NULL AUTO_INCREMENT,
  `name` varchar(30) NOT NULL DEFAULT '',
  `participant` varchar(255) NOT NULL DEFAULT '',
  PRIMARY KEY (`id`),
  UNIQUE KEY `name` (`name`)
) ENGINE=InnoDB AUTO_INCREMENT=5 DEFAULT CHARSET=utf8;
/*!40101 SET character_set_client = @saved_cs_client */;

--
-- Dumping data for table `project`
--

LOCK TABLES `project` WRITE;
/*!40000 ALTER TABLE `project` DISABLE KEYS */;
INSERT INTO `project` VALUES (1,'123','1,3,2'),(2,'aaa','1,3,2'),(3,'axx','1,3,2'),(4,'Test','1,3,2');
/*!40000 ALTER TABLE `project` ENABLE KEYS */;
UNLOCK TABLES;

--
-- Table structure for table `restfulname`
--

DROP TABLE IF EXISTS `restfulname`;
/*!40101 SET @saved_cs_client     = @@character_set_client */;
/*!40101 SET character_set_client = utf8 */;
CREATE TABLE `restfulname` (
  `id` bigint(20) NOT NULL AUTO_INCREMENT,
  `name` varchar(30) NOT NULL DEFAULT '',
  PRIMARY KEY (`id`),
  UNIQUE KEY `name` (`name`)
) ENGINE=InnoDB DEFAULT CHARSET=utf8;
/*!40101 SET character_set_client = @saved_cs_client */;

--
-- Dumping data for table `restfulname`
--

LOCK TABLES `restfulname` WRITE;
/*!40000 ALTER TABLE `restfulname` DISABLE KEYS */;
/*!40000 ALTER TABLE `restfulname` ENABLE KEYS */;
UNLOCK TABLES;

--
-- Table structure for table `rolegroup`
--

DROP TABLE IF EXISTS `rolegroup`;
/*!40101 SET @saved_cs_client     = @@character_set_client */;
/*!40101 SET character_set_client = utf8 */;
CREATE TABLE `rolegroup` (
  `id` bigint(20) NOT NULL AUTO_INCREMENT,
  `name` varchar(30) NOT NULL DEFAULT '',
  `permids` varchar(50) NOT NULL DEFAULT '',
  PRIMARY KEY (`id`),
  UNIQUE KEY `name` (`name`)
) ENGINE=InnoDB AUTO_INCREMENT=18 DEFAULT CHARSET=utf8;
/*!40101 SET character_set_client = @saved_cs_client */;

--
-- Dumping data for table `rolegroup`
--

LOCK TABLES `rolegroup` WRITE;
/*!40000 ALTER TABLE `rolegroup` DISABLE KEYS */;
INSERT INTO `rolegroup` VALUES (9,'guest','11,1,8,5,10,7,3,2'),(10,'bbb','10,2,6'),(17,'test','23,24,25,26,27,28,29,30,31,32,33');
/*!40000 ALTER TABLE `rolegroup` ENABLE KEYS */;
UNLOCK TABLES;

--
-- Table structure for table `roles`
--

DROP TABLE IF EXISTS `roles`;
/*!40101 SET @saved_cs_client     = @@character_set_client */;
/*!40101 SET character_set_client = utf8 */;
CREATE TABLE `roles` (
  `id` bigint(20) NOT NULL AUTO_INCREMENT,
  `role` varchar(30) NOT NULL DEFAULT '',
  `info` varchar(50) NOT NULL DEFAULT '',
  PRIMARY KEY (`id`),
  UNIQUE KEY `role` (`role`)
) ENGINE=InnoDB AUTO_INCREMENT=12 DEFAULT CHARSET=utf8;
/*!40101 SET character_set_client = @saved_cs_client */;

--
-- Dumping data for table `roles`
--

LOCK TABLES `roles` WRITE;
/*!40000 ALTER TABLE `roles` DISABLE KEYS */;
INSERT INTO `roles` VALUES (1,'env','环境页面'),(2,'important','重要性页面'),(3,'level','重要性页面'),(4,'log','查看日志'),(5,'position','职位页面'),(6,'project','项目页面'),(7,'status','bug状态流程页面'),(8,'statusgroup','状态组页面'),(9,'version','版本页面'),(10,'allbug','所有bug的页面');
/*!40000 ALTER TABLE `roles` ENABLE KEYS */;
UNLOCK TABLES;

--
-- Table structure for table `sharefile`
--

DROP TABLE IF EXISTS `sharefile`;
/*!40101 SET @saved_cs_client     = @@character_set_client */;
/*!40101 SET character_set_client = utf8 */;
CREATE TABLE `sharefile` (
  `id` bigint(20) NOT NULL AUTO_INCREMENT,
  `filepath` varchar(200) NOT NULL,
  `readuser` tinyint(1) DEFAULT '0',
  `rid` bigint(20) DEFAULT '0',
  `isfile` tinyint(1) DEFAULT '0',
  `ownerid` bigint(20) DEFAULT '0',
  `wid` bigint(20) DEFAULT '0',
  `writeuser` tinyint(1) DEFAULT '0',
  `size` bigint(20) DEFAULT '0',
  `updatetime` bigint(20) DEFAULT '0',
  `name` varchar(100) NOT NULL,
  PRIMARY KEY (`id`)
) ENGINE=InnoDB AUTO_INCREMENT=19 DEFAULT CHARSET=utf8;
/*!40101 SET character_set_client = @saved_cs_client */;

--
-- Dumping data for table `sharefile`
--

LOCK TABLES `sharefile` WRITE;
/*!40000 ALTER TABLE `sharefile` DISABLE KEYS */;
INSERT INTO `sharefile` VALUES (13,'.',0,0,1,1,0,0,7877,1562350791,'bd_logo1.png'),(14,'.',0,0,1,1,0,0,13808248,1564069998,'AirDroid.exe'),(15,'.',1,1,0,1,1,1,0,1570773860,'7777'),(16,'.',1,1,0,1,1,1,0,1576883905,''),(17,'.',0,0,1,1,0,0,56849,1576883912,'20191220_224833_359.jpg'),(18,'.',0,0,1,1,0,0,2398,1587504181,'pinyin.png');
/*!40000 ALTER TABLE `sharefile` ENABLE KEYS */;
UNLOCK TABLES;

--
-- Table structure for table `status`
--

DROP TABLE IF EXISTS `status`;
/*!40101 SET @saved_cs_client     = @@character_set_client */;
/*!40101 SET character_set_client = utf8 */;
CREATE TABLE `status` (
  `id` bigint(20) NOT NULL AUTO_INCREMENT,
  `name` varchar(30) NOT NULL DEFAULT '',
  PRIMARY KEY (`id`),
  UNIQUE KEY `name` (`name`)
) ENGINE=InnoDB AUTO_INCREMENT=20 DEFAULT CHARSET=utf8;
/*!40101 SET character_set_client = @saved_cs_client */;

--
-- Dumping data for table `status`
--

LOCK TABLES `status` WRITE;
/*!40000 ALTER TABLE `status` DISABLE KEYS */;
INSERT INTO `status` VALUES (14,'已解决'),(7,'排队中'),(17,'新建'),(16,'未领取'),(15,'正在处理'),(8,'测试中');
/*!40000 ALTER TABLE `status` ENABLE KEYS */;
UNLOCK TABLES;

--
-- Table structure for table `statusgroup`
--

DROP TABLE IF EXISTS `statusgroup`;
/*!40101 SET @saved_cs_client     = @@character_set_client */;
/*!40101 SET character_set_client = utf8 */;
CREATE TABLE `statusgroup` (
  `id` bigint(20) NOT NULL AUTO_INCREMENT,
  `name` varchar(30) NOT NULL DEFAULT '',
  `sids` varchar(200) DEFAULT '',
  PRIMARY KEY (`id`),
  UNIQUE KEY `name` (`name`)
) ENGINE=InnoDB AUTO_INCREMENT=10 DEFAULT CHARSET=utf8;
/*!40101 SET character_set_client = @saved_cs_client */;

--
-- Dumping data for table `statusgroup`
--

LOCK TABLES `statusgroup` WRITE;
/*!40000 ALTER TABLE `statusgroup` DISABLE KEYS */;
INSERT INTO `statusgroup` VALUES (1,'测试','17,15,16,8'),(2,'开发','7,14,15'),(8,'普通','0,17'),(9,'领导级别','17,14,7,16,15,8');
/*!40000 ALTER TABLE `statusgroup` ENABLE KEYS */;
UNLOCK TABLES;

--
-- Table structure for table `types`
--

DROP TABLE IF EXISTS `types`;
/*!40101 SET @saved_cs_client     = @@character_set_client */;
/*!40101 SET character_set_client = utf8 */;
CREATE TABLE `types` (
  `id` bigint(20) NOT NULL AUTO_INCREMENT,
  `name` varchar(30) NOT NULL DEFAULT '',
  `type` bigint(20) NOT NULL DEFAULT '0',
  `opts` varchar(200) DEFAULT '',
  `tid` bigint(20) DEFAULT '0',
  `default` varchar(50) DEFAULT '',
  PRIMARY KEY (`id`),
  UNIQUE KEY `name` (`name`)
) ENGINE=InnoDB AUTO_INCREMENT=7 DEFAULT CHARSET=utf8;
/*!40101 SET character_set_client = @saved_cs_client */;

--
-- Dumping data for table `types`
--

LOCK TABLES `types` WRITE;
/*!40000 ALTER TABLE `types` DISABLE KEYS */;
INSERT INTO `types` VALUES (1,'int',0,'',0,'0'),(2,'string',0,'',0,''),(3,'bool',0,'',0,'false'),(4,'object',0,'',0,''),(5,'list',0,'',0,''),(6,'float64',0,'',0,'0');
/*!40000 ALTER TABLE `types` ENABLE KEYS */;
UNLOCK TABLES;

--
-- Table structure for table `user`
--

DROP TABLE IF EXISTS `user`;
/*!40101 SET @saved_cs_client     = @@character_set_client */;
/*!40101 SET character_set_client = utf8 */;
CREATE TABLE `user` (
  `id` bigint(20) NOT NULL AUTO_INCREMENT,
  `nickname` varchar(30) NOT NULL,
  `password` varchar(40) NOT NULL,
  `email` varchar(50) NOT NULL,
  `headimg` varchar(100) DEFAULT '',
  `createtime` bigint(20) DEFAULT '0',
  `createuid` bigint(20) DEFAULT '0',
  `realname` varchar(30) NOT NULL,
  `showstatus` varchar(200) DEFAULT '',
  `disable` tinyint(1) DEFAULT '0',
  `bugsid` bigint(20) DEFAULT '0',
  `rid` bigint(20) DEFAULT '0',
  `jid` bigint(20) DEFAULT '0',
  PRIMARY KEY (`id`),
  UNIQUE KEY `nickname` (`nickname`),
  UNIQUE KEY `email` (`email`),
  UNIQUE KEY `realname` (`realname`)
) ENGINE=InnoDB AUTO_INCREMENT=4 DEFAULT CHARSET=utf8;
/*!40101 SET character_set_client = @saved_cs_client */;

--
-- Dumping data for table `user`
--

LOCK TABLES `user` WRITE;
/*!40000 ALTER TABLE `user` DISABLE KEYS */;
INSERT INTO `user` VALUES (1,'admin','69ad5117e7553ecfa7f918a223426dd8da08a57f','admin@qq.com','http://120.26.164.125:10001/showimg/1594376285974981434.png',1557131883,0,'admin','7,17,16,15,8,14',0,0,0,0),(2,'sdfsdf','2b1276714d734f24b89c1664a82e3c8e3ff382e6','asdasd@qq.com','',1593337271,1,'sdfsadf','8,17,15,16,7,14',0,1,9,2),(3,'xx','2b1276714d734f24b89c1664a82e3c8e3ff382e6','5264897@qq.com','',1593337476,1,'de','8,17,15,16,7,14',0,2,10,21);
/*!40000 ALTER TABLE `user` ENABLE KEYS */;
UNLOCK TABLES;

--
-- Table structure for table `usergroup`
--

DROP TABLE IF EXISTS `usergroup`;
/*!40101 SET @saved_cs_client     = @@character_set_client */;
/*!40101 SET character_set_client = utf8 */;
CREATE TABLE `usergroup` (
  `id` bigint(20) NOT NULL AUTO_INCREMENT,
  `name` varchar(30) NOT NULL DEFAULT '',
  `ids` varchar(200) DEFAULT '',
  `cuid` bigint(20) DEFAULT '0',
  PRIMARY KEY (`id`),
  UNIQUE KEY `name` (`name`)
) ENGINE=InnoDB AUTO_INCREMENT=7 DEFAULT CHARSET=utf8;
/*!40101 SET character_set_client = @saved_cs_client */;

--
-- Dumping data for table `usergroup`
--

LOCK TABLES `usergroup` WRITE;
/*!40000 ALTER TABLE `usergroup` DISABLE KEYS */;
INSERT INTO `usergroup` VALUES (1,'cewd','1',1),(2,'name','',1),(3,'ew','1',1),(4,'234','1',1),(5,'er','1',1),(6,'w4222223','1',1);
/*!40000 ALTER TABLE `usergroup` ENABLE KEYS */;
UNLOCK TABLES;

--
-- Table structure for table `version`
--

DROP TABLE IF EXISTS `version`;
/*!40101 SET @saved_cs_client     = @@character_set_client */;
/*!40101 SET character_set_client = utf8 */;
CREATE TABLE `version` (
  `id` bigint(20) NOT NULL AUTO_INCREMENT,
  `name` varchar(30) NOT NULL,
  `urlone` varchar(30) DEFAULT '',
  `urltwo` varchar(30) DEFAULT '',
  `createtime` varchar(30) DEFAULT '0',
  `createuid` bigint(20) NOT NULL,
  `pid` bigint(20) NOT NULL DEFAULT '0',
  PRIMARY KEY (`id`),
  KEY `idx_version` (`pid`,`name`)
) ENGINE=InnoDB AUTO_INCREMENT=9 DEFAULT CHARSET=utf8;
/*!40101 SET character_set_client = @saved_cs_client */;

--
-- Dumping data for table `version`
--

LOCK TABLES `version` WRITE;
/*!40000 ALTER TABLE `version` DISABLE KEYS */;
INSERT INTO `version` VALUES (2,'v1.2','aaa','bbb','1561446792',1,0),(3,'v0.0.1','士大夫地方','','1578016359',1,2),(8,'V 1.5','1413','325243','1590223090',1,2);
/*!40000 ALTER TABLE `version` ENABLE KEYS */;
UNLOCK TABLES;
/*!40103 SET TIME_ZONE=@OLD_TIME_ZONE */;

/*!40101 SET SQL_MODE=@OLD_SQL_MODE */;
/*!40014 SET FOREIGN_KEY_CHECKS=@OLD_FOREIGN_KEY_CHECKS */;
/*!40014 SET UNIQUE_CHECKS=@OLD_UNIQUE_CHECKS */;
/*!40101 SET CHARACTER_SET_CLIENT=@OLD_CHARACTER_SET_CLIENT */;
/*!40101 SET CHARACTER_SET_RESULTS=@OLD_CHARACTER_SET_RESULTS */;
/*!40101 SET COLLATION_CONNECTION=@OLD_COLLATION_CONNECTION */;
/*!40111 SET SQL_NOTES=@OLD_SQL_NOTES */;

-- Dump completed on 2020-07-13  9:37:37
